question_id,min_correct_rate,peak_strength,attention_mean,attention_std,attention_var,top5_concentration,top10_concentration,top20_concentration,top50_concentration,coverage_50_ratio,coverage_70_ratio,coverage_80_ratio,coverage_90_ratio,coverage_95_ratio,normalized_entropy,gini,layer_consistency,doc_len,log_doc_len,active_layers
Q2_Sub1,0.0,0.006634822115302086,0.00011028793232981116,0.00042410369496792555,1.79863931748514e-07,0.18400618433952332,0.28482159972190857,0.40841469168663025,0.6276915669441223,0.024896265560165973,0.056431535269709544,0.0937759336099585,0.1900414937759336,0.31784232365145226,0.7308142514188766,0.859605668202897,0.4361719841171896,1205,7.095064377287131,"[23, 27, 18, 24]"
Q3_Sub1,0.0,0.009275175631046295,8.88599970494397e-05,0.0004227323515806347,1.787026349120424e-07,0.19791576266288757,0.306632936000824,0.46696820855140686,0.711329460144043,0.01670297748729121,0.034858387799564274,0.05591866376180102,0.11692084241103849,0.22730573710965868,0.6792749686355943,0.8998019429691895,0.5318627450980392,1377,7.228388451573604,"[23, 27, 24, 19]"
Q4_Sub1,0.0,0.0033012996427714825,9.858789417194203e-05,0.00028419322916306555,8.076578694726777e-08,0.1243104487657547,0.216554194688797,0.34363314509391785,0.5506803393363953,0.03919694072657744,0.08795411089866156,0.15105162523900573,0.2801147227533461,0.4378585086042065,0.7862178857723654,0.8013446809737068,0.418680625162416,1046,6.953684210870537,"[24, 23, 27, 18]"
Q4_Sub2,0.0,0.006521057337522507,9.418959962204099e-05,0.0003190432908013463,1.0178862908105657e-07,0.14858591556549072,0.22538547217845917,0.32309651374816895,0.5257089734077454,0.03647898493259318,0.0753370340999207,0.12212529738302934,0.2386994448850119,0.3893735130848533,0.769593081355155,0.8249524656755738,0.4511052554530815,1261,7.140453043101158,"[23, 24, 19, 18]"
Q5_Sub1,0.4,0.005859740078449249,0.0001246322353836149,0.0004071073199156672,1.657363668527978e-07,0.15786540508270264,0.25068923830986023,0.3815614581108093,0.5796911716461182,0.03234750462107209,0.08317929759704251,0.1423290203327172,0.2698706099815157,0.4020332717190388,0.7698552607333632,0.8167020075098741,0.4953674064589557,1082,6.9874902470009905,"[24, 23, 21, 19]"
Q7_Sub1,0.0,0.010616132989525795,0.00010286497126799077,0.00048491056077182293,2.3513824487508828e-07,0.23315931856632233,0.3113047480583191,0.43019071221351624,0.6084261536598206,0.02218821729150727,0.05967865340474369,0.09946442234123948,0.18515684774292274,0.3006885998469778,0.7193945628158689,0.8635235525120319,0.5378596364511857,1307,7.176254532017144,"[24, 23, 26, 27]"
Q8_Sub2,0.05,0.007948053069412708,9.734369086800143e-05,0.0004012994177173823,1.6104121414173278e-07,0.19425617158412933,0.2778559923171997,0.3876355290412903,0.5650133490562439,0.02681159420289855,0.06521739130434782,0.10144927536231885,0.18405797101449275,0.3130434782608696,0.7373449912076745,0.8556257791222801,0.40026800084478525,1380,7.2305631534092925,"[23, 24, 27, 25]"
Q10_Sub1,0.0,0.0027664881199598312,5.866079300176352e-05,0.0001989111624425277,3.956565208795837e-08,0.11599750071763992,0.19129954278469086,0.29373791813850403,0.47553321719169617,0.031232571109871723,0.07250418293363078,0.12046848856664807,0.23591745677635248,0.3747908533184607,0.7736808420187798,0.8323609213452294,0.3296005763724558,1793,7.492203042618741,"[23, 24, 21, 25]"
Q10_Sub2,0.0,0.007957395166158676,8.541894931113347e-05,0.00034941325429826975,1.2208961663873197e-07,0.12936779856681824,0.19609811902046204,0.287469744682312,0.4445306360721588,0.026459143968871595,0.06926070038910506,0.11167315175097277,0.2019455252918288,0.3147859922178988,0.7623834702484696,0.8525348384265554,0.42415336445187185,2570,7.852050207265889,"[23, 24, 27, 21]"
Q11_Sub1,0.0,0.007684431038796902,7.605261635035276e-05,0.0003486628702376038,1.2156580453392962e-07,0.21036256849765778,0.29813241958618164,0.4218803644180298,0.6270630955696106,0.021986353297952996,0.05534495830174375,0.09628506444275967,0.21152388172858225,0.36770280515542075,0.7247344531854009,0.8517351278265293,0.46520146520146516,1319,7.1853870155804165,"[23, 18, 24, 19]"
Q11_Sub2,0.0,0.005785602144896984,8.733446156838909e-05,0.0003311499021947384,1.0966025598690976e-07,0.15302816033363342,0.2410380244255066,0.35907232761383057,0.544461727142334,0.026710097719869708,0.06775244299674267,0.12312703583061889,0.25276872964169383,0.41498371335504886,0.7598308340578896,0.8280382863438773,0.4532798643714136,1535,7.336936913707618,"[23, 24, 18, 21]"
Q12_Sub2,0.0,0.008896180428564548,0.00013226823648437858,0.0005295618320815265,2.8043572797287197e-07,0.1735014021396637,0.2848486006259918,0.4548913240432739,0.6795963048934937,0.02134927412467976,0.04696840307429547,0.07344150298889837,0.13919726729291204,0.2425277540563621,0.704418736787738,0.8869990148037328,0.48148148148148145,1171,7.066466970136958,"[23, 19, 27, 24]"
Q13_Sub2,0.3,0.007560391910374165,9.140837209997699e-05,0.00034875175333581865,1.2162777807134262e-07,0.1482614129781723,0.21221104264259338,0.29940950870513916,0.4649296998977661,0.031003678402522335,0.07409353652128219,0.12138728323699421,0.22228060956384657,0.34366789280084076,0.7675709935517704,0.8386163351412239,0.3029471300900155,1903,7.55171221535131,"[21, 23, 24, 27]"
Q14_Sub1,0.0,0.00389229622669518,6.962521001696587e-05,0.0002714071306400001,7.366182330770243e-08,0.20852653682231903,0.31725528836250305,0.4541088938713074,0.6532294750213623,0.023674242424242424,0.06060606060606061,0.11268939393939394,0.24242424242424243,0.39867424242424243,0.736306848233636,0.8367842219005968,0.5727812550152463,1056,6.963189985870238,"[21, 23, 24, 18]"
Q14_Sub2,0.25,0.0049432977102696896,7.586086576338857e-05,0.00023506033176090568,5.5253359221296705e-08,0.11142893880605698,0.16750022768974304,0.2388535737991333,0.38088828325271606,0.04547803617571059,0.10077519379844961,0.15090439276485787,0.2496124031007752,0.3581395348837209,0.8007461075023108,0.8121502341031392,0.2045276644831706,1935,7.568379267836522,"[23, 24, 27, 20]"
Q16_Sub1,0.0,0.01400113757699728,0.00015878079284448177,0.0006960373721085489,4.844680461246753e-07,0.3169739246368408,0.4138830304145813,0.517960786819458,0.6990078687667847,0.03225806451612903,0.0865874363327674,0.14770797962648557,0.27504244482173174,0.4142614601018676,0.7268777897724081,0.8148216807204112,0.6353187042842215,589,6.380122536899765,"[24, 23, 18, 19]"
Q16_Sub2,0.8,0.006312768440693617,0.00011032050679204985,0.0003634963068179786,1.3212955707331275e-07,0.16535736620426178,0.24610407650470734,0.3626985549926758,0.5735812187194824,0.035204567078972404,0.08087535680304472,0.13606089438629876,0.2559467174119886,0.4043767840152236,0.7699791147457027,0.8167134277610133,0.47920706744236147,1051,6.9584483932976555,"[23, 18, 24, 19]"
Q18_Sub2,0.0,0.009225308895111084,7.460523920599371e-05,0.00034426915226504207,1.1852125680889003e-07,0.16547875106334686,0.2592933475971222,0.37776386737823486,0.5722196102142334,0.019758507135016465,0.04884742041712404,0.08068057080131723,0.1619099890230516,0.2897914379802415,0.7209698823137931,0.8760956909505737,0.4230075591880588,1822,7.508238774678663,"[23, 27, 25, 24]"
Q20_Sub1,0.0,0.006949081551283598,0.0001048465637722984,0.00040557223837822676,1.6448883854991436e-07,0.20451857149600983,0.30736052989959717,0.45418620109558105,0.7018696665763855,0.025853154084798345,0.05170630816959669,0.0796277145811789,0.13857290589451912,0.23474663908996898,0.7060727775848064,0.8824522031287432,0.4114404503305071,967,6.875232087276577,"[27, 24, 28, 23]"
Q20_Sub2,0.0,0.00916452519595623,0.00010460693010827526,0.00037734751822426915,1.4239114420888654e-07,0.15550555288791656,0.2168411910533905,0.3118273913860321,0.48588594794273376,0.037267080745341616,0.0862663906142167,0.13595583160800553,0.24292615596963424,0.36853002070393376,0.7749549792838476,0.8239525776400776,0.3386427179530627,1449,7.27931883541462,"[24, 23, 18, 27]"
Q21_Sub1,0.0,0.005371207371354103,8.218895527534187e-05,0.0002617272548377514,6.850115852330418e-08,0.14945784211158752,0.2144249975681305,0.30947375297546387,0.48678261041641235,0.04275534441805225,0.10530482977038796,0.1726049089469517,0.3056215360253365,0.45288994457640536,0.7970790341184704,0.7871786144275874,0.37186756905066765,1263,7.142036574706803,"[25, 27, 24, 18]"
Q21_Sub2,0.0,0.024728689342737198,8.881194662535563e-05,0.0005685940850526094,3.2329924692930945e-07,0.18325041234493256,0.21808259189128876,0.2633364200592041,0.35125645995140076,0.0741662518666003,0.2145345943255351,0.3439522150323544,0.5455450472872075,0.7003484320557491,0.8319902011224829,0.642623382401609,0.06391006112857069,2009,7.605890001053122,"[24, 34, 23, 35]"
Q22_Sub1,0.0,0.003768764203414321,6.911871605552733e-05,0.00024049682542681694,5.783872225606501e-08,0.13164891302585602,0.2142232358455658,0.3299757242202759,0.4881530702114105,0.03225806451612903,0.08900836320191159,0.16069295101553166,0.3183990442054958,0.482078853046595,0.7879213716053796,0.7931676569968811,0.4097327140805402,1674,7.423568444259167,"[23, 24, 18, 21]"
Q23_Sub2,1.0,0.004211442545056343,5.2896124543622136e-05,0.00017752077837940305,3.151362548692305e-08,0.12768402695655823,0.19967679679393768,0.30888524651527405,0.4876479506492615,0.03680981595092025,0.10156782549420586,0.17177914110429449,0.3292433537832311,0.49556918882072254,0.7968837154676025,0.7817808388085119,0.39025973912937517,1467,7.291656209174461,"[23, 24, 18, 25]"
Q26_Sub1,0.0,0.006374334916472435,0.00015077578427735716,0.00045814993791282177,2.0990135851661762e-07,0.18753422796726227,0.28495585918426514,0.42279088497161865,0.6208577156066895,0.04048582995951417,0.09716599190283401,0.15519568151147098,0.291497975708502,0.4331983805668016,0.7749530351026555,0.7988592297641748,0.4525333048263363,741,6.60934924316738,"[23, 18, 24, 26]"
Q27_Sub1,0.0,0.006821022368967533,8.644348417874426e-05,0.00038308597868308425,1.467548571554289e-07,0.19753900170326233,0.30319851636886597,0.4421154856681824,0.6296803951263428,0.018309859154929577,0.04788732394366197,0.07323943661971831,0.13380281690140844,0.23591549295774647,0.701660131374468,0.8899682057772913,0.44134298232658886,1420,7.259116128097101,"[27, 23, 24, 25]"
Q28_Sub1,0.0,0.007279324345290661,9.80823315330781e-05,0.0003883684112224728,1.508300186969791e-07,0.18792010843753815,0.2826075255870819,0.4113926589488983,0.5987099409103394,0.023919753086419752,0.06944444444444445,0.12268518518518519,0.2507716049382716,0.3958333333333333,0.7477113758193406,0.8323532044093263,0.5423603876918203,1296,7.167809184316444,"[23, 19, 24, 18]"
Q28_Sub2,0.0,0.006494904402643442,8.730675472179428e-05,0.0003924878838006407,1.5404674513774808e-07,0.21268244087696075,0.33011525869369507,0.480380654335022,0.6719030737876892,0.016962220508866616,0.04471858134155744,0.07478797224363917,0.14032382420971473,0.2382420971472629,0.6943633688771342,0.890919170868615,0.5539827404234184,1297,7.168579897264035,"[23, 24, 27, 25]"
Q30_Sub4,1.0,0.008556135930120945,0.00012965592031832784,0.00044396286830306053,1.9710303433839726e-07,0.18413804471492767,0.26198920607566833,0.38454878330230713,0.5910486578941345,0.037076271186440676,0.0836864406779661,0.13347457627118645,0.23516949152542374,0.3601694915254237,0.7614528020816707,0.8263210261029328,0.48083398083398077,944,6.851184927493743,"[23, 18, 24, 27]"
Q31_Sub1,1.0,0.007537606172263622,7.307084160856903e-05,0.0003529969253577292,1.2460682796699984e-07,0.2295556664466858,0.3338783383369446,0.4631732106208801,0.6375625133514404,0.018011527377521614,0.05043227665706052,0.08717579250720461,0.17723342939481268,0.29250720461095103,0.7064305094819944,0.8738242077074814,0.5474463002448077,1388,7.236339342754344,"[21, 23, 24, 19]"
Q31_Sub3,1.0,0.0038455957546830177,8.414532931055874e-05,0.0003017508424818516,9.105356468808168e-08,0.1780310720205307,0.2824619710445404,0.4160296618938446,0.6099268198013306,0.027580071174377226,0.0693950177935943,0.12277580071174377,0.2411032028469751,0.37722419928825623,0.7508401189052499,0.8339120661283992,0.47999032532175795,1124,7.025538314638521,"[23, 24, 27, 18]"
Q33_Sub2,0.1,0.008977064862847328,7.815458229742944e-05,0.0003981617628596723,1.5853279933253361e-07,0.22097517549991608,0.3179211914539337,0.43938225507736206,0.6329206824302673,0.016791044776119403,0.043532338308457715,0.07213930348258707,0.13805970149253732,0.2493781094527363,0.6950149630877112,0.8898126807983409,0.426305007470388,1608,7.3833681469923835,"[23, 27, 25, 24]"
Q34_Sub1,0.0,0.009091371670365334,0.00015228515258058906,0.0005158347194083035,2.660854363512044e-07,0.21844200789928436,0.3213089406490326,0.4466762840747833,0.6230270862579346,0.037921348314606744,0.10674157303370786,0.18398876404494383,0.3300561797752809,0.4845505617977528,0.7746696200008188,0.7798477926186738,0.4855972968635463,712,6.569481420414296,"[23, 18, 27, 24]"
Q37_Sub1,0.05,0.0039050921332091093,7.619342795806006e-05,0.00028595980256795883,8.17730168023445e-08,0.18654371798038483,0.28462648391723633,0.4263416826725006,0.6677373647689819,0.02497687326549491,0.05272895467160037,0.08140610545790934,0.15818686401480112,0.2488436632747456,0.7156582146135396,0.8795142835042764,0.493886230728336,1081,6.9865664594064265,"[21, 24, 23, 25]"
Q38_Sub1,0.0,0.00526575930416584,0.00011682735930662602,0.00038164592115208507,1.4565360118012904e-07,0.1810496747493744,0.27191609144210815,0.3965158462524414,0.5951972603797913,0.03426791277258567,0.08515057113187954,0.14434060228452752,0.26272066458982346,0.3842159916926272,0.766487353664522,0.8186248263846498,0.5023883949715152,963,6.871091294610546,"[24, 21, 19, 23]"
Q39_Sub1,0.0,0.0043673221953213215,0.00013760337606072426,0.00041225110180675983,1.6995097951166827e-07,0.16965441405773163,0.2782318890094757,0.42526236176490784,0.654177188873291,0.03524804177545692,0.07963446475195822,0.1279373368146214,0.2310704960835509,0.3524804177545692,0.758001371381953,0.8303145441084503,0.4565826330532213,766,6.642486801367256,"[21, 24, 20, 18]"
Q40_Sub1,0.0,0.0037007813807576895,0.0001388615637551993,0.000383201171644032,1.4684313498491974e-07,0.13366979360580444,0.23205198347568512,0.3635093867778778,0.5814995765686035,0.04199772985244041,0.09648127128263337,0.1543700340522134,0.2724177071509648,0.4052213393870602,0.7851501858019828,0.8034872305478478,0.4525333048263364,881,6.782192056006791,"[21, 23, 24, 18]"
Q42_Sub4,1.0,0.004402498714625835,7.453351281583309e-05,0.00025680684484541416,6.594976298401889e-08,0.12184985727071762,0.17760972678661346,0.2679767906665802,0.43461722135543823,0.034274193548387094,0.0811491935483871,0.13205645161290322,0.2399193548387097,0.3623991935483871,0.7815716222285969,0.8291959112611822,0.3470795373780448,1984,7.59337419312129,"[24, 23, 25, 27]"
Q43_Sub1,1.0,0.007069575600326061,9.077815775526688e-05,0.0003639440983533859,1.3245531249594933e-07,0.2312057465314865,0.33522236347198486,0.471164733171463,0.6637090444564819,0.02699662542182227,0.0686164229471316,0.11136107986501688,0.2047244094488189,0.3295838020247469,0.7270929376517224,0.8503882994041352,0.4988290398126464,889,6.7912214627261855,"[23, 21, 24, 19]"
Q44_Sub1,0.0,0.008163388818502426,9.910092921927571e-05,0.0004187394224572927,1.7534270568830834e-07,0.27701619267463684,0.36641037464141846,0.49477633833885193,0.6762394309043884,0.02631578947368421,0.07268170426065163,0.12531328320802004,0.2531328320802005,0.40601503759398494,0.7290349157711689,0.8293807159699671,0.4813087341072415,798,6.683360945766275,"[23, 19, 18, 24]"
Q45_Sub1,0.0,0.0052396138198673725,9.495869016973302e-05,0.00036429695319384336,1.327122731709096e-07,0.2180887907743454,0.3443237841129303,0.48405924439430237,0.6752833127975464,0.023887079261672096,0.06188925081433225,0.10749185667752444,0.20521172638436483,0.33659066232356133,0.725631360034418,0.8523483236717908,0.5199384894977808,921,6.826545223556594,"[23, 19, 21, 24]"
Q45_Sub3,0.0,0.005226832814514637,7.346284110099077e-05,0.00029249911312945187,8.555573316471055e-08,0.16135716438293457,0.24473874270915985,0.3719097673892975,0.5926432609558105,0.022935779816513763,0.05045871559633028,0.08322411533420708,0.17038007863695936,0.32044560943643513,0.7296265534486562,0.8654646671631481,0.46058827126521135,1526,7.3310603052186325,"[23, 24, 27, 18]"
Q47_Sub2,0.15,0.009225308895111084,7.460523920599371e-05,0.00034426915226504207,1.1852125680889003e-07,0.16547875106334686,0.2592933475971222,0.37776386737823486,0.5722196102142334,0.019758507135016465,0.04884742041712404,0.08068057080131723,0.1619099890230516,0.2897914379802415,0.7209698823137931,0.8760956909505737,0.4230075591880588,1822,7.508238774678663,"[23, 27, 25, 24]"
Q51_Sub1,0.35,0.0062113297171890736,6.779500836273655e-05,0.00034145163954235613,1.1658921295065738e-07,0.23382189869880676,0.3540918529033661,0.4921572804450989,0.6769204139709473,0.014925373134328358,0.04051172707889126,0.07107320540156362,0.1457000710732054,0.2544420753375977,0.6857356906801929,0.8913601987005391,0.5242540150425191,1407,7.249925536717988,"[23, 24, 25, 27]"
Q54_Sub1,0.0,0.010158898308873177,0.00013338270946405828,0.0005172061501070857,2.675022301446006e-07,0.18492795526981354,0.26831990480422974,0.37351325154304504,0.5476818680763245,0.03157063930544594,0.07576953433307025,0.12075769534333071,0.22257300710339384,0.35359116022099446,0.753977675461864,0.8373983999884722,0.41744645633651306,1267,7.145196134997171,"[23, 24, 19, 27]"
Q57_Sub1,0.0,0.012115491554141045,0.00010316541738575324,0.0005140630528330803,2.6426084787090076e-07,0.21955159306526184,0.3352142572402954,0.5028161406517029,0.7230274677276611,0.01598721023181455,0.03677058353317346,0.058353317346123104,0.11191047162270183,0.20863309352517986,0.6714744744878405,0.9038144081933053,0.552579365079365,1251,7.132497551660044,"[23, 24, 27, 19]"
Q58_Sub1,0.0,0.007153399288654327,0.0001156250000349246,0.00041488217539153993,1.7212721559189958e-07,0.17579995095729828,0.2778748571872711,0.4181646704673767,0.6362625956535339,0.02810077519379845,0.06589147286821706,0.11143410852713179,0.20930232558139536,0.3449612403100775,0.7420569410100253,0.846601852040455,0.48840496968708363,1032,6.940222469119639,"[23, 24, 27, 19]"
Q59_Sub2,0.0,0.0061911288648843765,9.819336992222816e-05,0.0003846858744509518,1.4798322922615625e-07,0.21035920083522797,0.30358079075813293,0.41829460859298706,0.617521345615387,0.026881720430107527,0.06362007168458782,0.10483870967741936,0.1989247311827957,0.32616487455197135,0.7342659991831361,0.8526193772884614,0.45719208431743513,1116,7.018401799069201,"[27, 23, 18, 24]"
Q60_Sub1,0.0,0.004417894873768091,6.993753049755469e-05,0.00027776119532063603,7.715128447216557e-08,0.1971314549446106,0.29313555359840393,0.417186439037323,0.5980307459831238,0.025203252032520326,0.06991869918699187,0.12439024390243902,0.24308943089430896,0.38699186991869916,0.7463011428634885,0.833963294396423,0.4557414557414557,1230,7.115582126184454,"[23, 24, 18, 21]"
Q60_Sub2,0.1,0.0036210522521287203,0.00013305284664966166,0.0003756734950002283,1.4113058455222927e-07,0.12257426232099533,0.21280770003795624,0.3545960783958435,0.5635262131690979,0.03896103896103896,0.09090909090909091,0.15284715284715283,0.2947052947052947,0.4485514485514486,0.7882197838673105,0.7966075294132247,0.4565826330532213,1001,6.90975328164481,"[24, 21, 18, 19]"
Q61_Sub1,0.0,0.006581869907677174,0.00011007556167896837,0.0003549184475559741,1.259671051911937e-07,0.15748701989650726,0.23976872861385345,0.35449281334877014,0.5360080599784851,0.039377289377289376,0.0989010989010989,0.16758241758241757,0.315018315018315,0.4652014652014652,0.7881073008659204,0.7891427844883663,0.40105334135184884,1092,6.996681488176539,"[24, 23, 18, 21]"
Q61_Sub2,0.25,0.006482624914497137,7.962139352457598e-05,0.00031010399106889963,9.616448437554936e-08,0.15197069942951202,0.22950173914432526,0.31850844621658325,0.4820168614387512,0.030170049369171694,0.07789358200767965,0.13549094898518924,0.25891387822270984,0.4086670323642348,0.7716773978316367,0.8215524227871138,0.43587012269696607,1823,7.508787170634276,"[23, 24, 19, 18]"
Q62_Sub1,1.0,0.0037567962426692247,9.77792515186593e-05,0.0002744068915490061,7.52991482499965e-08,0.13642346858978271,0.22226348519325256,0.3518056273460388,0.5651508569717407,0.04225352112676056,0.09317443120260022,0.15059588299024917,0.27085590465872156,0.409534127843987,0.7853546861741753,0.8044612573002057,0.4443295208085279,923,6.828712071641684,"[24, 21, 23, 18]"
Q64_Sub1,0.0,0.0055702682584524155,6.865519389975816e-05,0.0002879765524994582,8.293049802432506e-08,0.18628981709480286,0.29348868131637573,0.42061465978622437,0.5991696119308472,0.021246458923512748,0.060906515580736544,0.10977337110481586,0.2273371104815864,0.37252124645892354,0.7370414841422973,0.8452472150087049,0.4565826330532213,1412,7.253470382684528,"[23, 21, 18, 24]"
Q64_Sub2,0.0,0.008031480945646763,0.00014012865722179413,0.0005061246338300407,2.56162138612126e-07,0.24701537191867828,0.3295452892780304,0.438686341047287,0.6244394779205322,0.035398230088495575,0.08723135271807839,0.13527180783817952,0.23514538558786346,0.3615676359039191,0.7492492179562307,0.8263148971625836,0.36904761904761907,791,6.674561391814426,"[23, 27, 18, 24]"
Q65_Sub1,0.0,0.007127284072339535,0.00012367403542157263,0.00046489149099215865,2.1612410705529328e-07,0.24300210177898407,0.3399864435195923,0.4555838704109192,0.6408436298370361,0.02976190476190476,0.08333333333333333,0.14404761904761904,0.2702380952380952,0.4119047619047619,0.7487227197053237,0.8184022017333621,0.48544266191325014,840,6.734591659972948,"[23, 19, 21, 24]"
Q65_Sub2,0.0,0.010163750499486923,0.0001540089288027957,0.000520071480423212,2.704743451431568e-07,0.1860087811946869,0.26598605513572693,0.3621986210346222,0.5362680554389954,0.041707080504364696,0.10572259941804074,0.17361784675072744,0.3142580019398642,0.47914645974781767,0.7876709354007358,0.7821634729850573,0.32965686274509803,1031,6.939253946041508,"[23, 24, 27, 34]"
Q66_Sub1,1.0,0.004475692752748728,0.0001037085967254825,0.0003289296291768551,1.0819469764555834e-07,0.17399631440639496,0.28082898259162903,0.40986892580986023,0.5997452735900879,0.035794183445190156,0.08612975391498881,0.14429530201342283,0.2662192393736018,0.40380313199105144,0.76869905897251,0.8130783699457884,0.36114187276977977,894,6.796823718274855,"[24, 23, 25, 18]"
Q66_Sub4,1.0,0.0027922498993575573,9.194103040499613e-05,0.0002195806591771543,4.8215667902695714e-08,0.07553501427173615,0.127821683883667,0.21042563021183014,0.38725003600120544,0.054268696227663796,0.1270681667769689,0.19788219722038386,0.3639973527465255,0.5340833884844474,0.8355940344772587,0.7470115682768523,0.30063809858330404,1511,7.321188556739478,"[25, 23, 24, 20]"
Q68_Sub1,1.0,0.004490378312766552,0.0001379970635753125,0.0004281850124243647,1.8334239371142758e-07,0.1836775541305542,0.29389238357543945,0.4268318712711334,0.6407960653305054,0.036616161616161616,0.08080808080808081,0.12878787878787878,0.2588383838383838,0.42045454545454547,0.7622131679863153,0.8159187596988724,0.5585721468074408,792,6.675823221634848,"[23, 24, 18, 19]"
Q69_Sub2,0.0,0.01066807471215725,0.00013970908185001463,0.0005300454795360565,2.80948228237321e-07,0.21314391493797302,0.2867031395435333,0.4001127779483795,0.5918676257133484,0.035789473684210524,0.08315789473684211,0.13052631578947368,0.23578947368421052,0.3642105263157895,0.753340818800192,0.8276114225852438,0.2991339107261825,950,6.85751406254539,"[23, 27, 18, 29]"
Q71_Sub2,1.0,0.008249643258750439,0.00010413122072350234,0.00042669809772633016,1.820712611788622e-07,0.22140179574489594,0.3072460889816284,0.4297434091567993,0.6078457236289978,0.02840352595494613,0.08031341821743389,0.13614103819784526,0.2654260528893242,0.43192948090107736,0.750387833227077,0.817191182202601,0.43032391856763147,1021,6.92951677076365,"[23, 19, 24, 18]"
Q72_Sub2,0.2,0.0033589669037610292,4.607666051015258e-05,0.00015798125241417438,2.495807827074259e-08,0.12195504456758499,0.18758061528205872,0.2718059718608856,0.43596142530441284,0.036418816388467376,0.10976226605968639,0.19372787051087506,0.36924633282751645,0.5402124430955993,0.8087533576490147,0.7639652361005158,0.32982933615845006,1977,7.589841512182657,"[23, 24, 25, 18]"
Q73_Sub2,0.0,0.0072449794970452785,0.00014336705498863012,0.0005339785129763186,2.8513306915556313e-07,0.19373545050621033,0.2991626560688019,0.4275690019130707,0.6426638960838318,0.025830258302583026,0.06273062730627306,0.11162361623616236,0.20940959409594095,0.32011070110701106,0.7357125495909783,0.8529738522450898,0.4714370596723538,1084,6.98933526597456,"[27, 23, 29, 25]"
Q75_Sub2,0.45,0.0084806764498353,8.247359801316634e-05,0.00033734628232195973,1.1380251407899777e-07,0.1900443732738495,0.25963687896728516,0.35606279969215393,0.5317428708076477,0.030714285714285715,0.08285714285714285,0.1457142857142857,0.2835714285714286,0.44357142857142856,0.7674976977728981,0.8098116549846979,0.4805175331491121,1400,7.244941546337007,"[24, 19, 23, 18]"
Q77_Sub2,1.0,0.003843334037810564,9.17828074307181e-05,0.00029336620355024934,8.606372858821487e-08,0.12845630943775177,0.2140803188085556,0.3229599893093109,0.509767472743988,0.0350109409190372,0.08096280087527352,0.12545587162654998,0.22027716994894236,0.34062727935813275,0.7712051666266804,0.8351949492959787,0.4198919678371733,1371,7.22402480828583,"[27, 23, 24, 18]"
Q78_Sub2,0.0,0.0268363319337368,8.640814485261217e-05,0.0006263707182370126,3.923402687178168e-07,0.2197471261024475,0.2572835385799408,0.307942271232605,0.3875676095485687,0.0649616368286445,0.1989769820971867,0.3202046035805627,0.5135549872122762,0.6726342710997443,0.8093921307272386,0.6656521570877763,0.23102827993773134,1955,7.578656850594762,"[34, 23, 24, 35]"
Q79_Sub1,0.05,0.00798511691391468,0.00011564540909603238,0.00043803558219224215,1.9187515931662347e-07,0.2393682897090912,0.3315647542476654,0.4596540927886963,0.6643341183662415,0.03209242618741977,0.07702182284980745,0.12836970474967907,0.24261874197689345,0.38767650834403083,0.7420914571718482,0.82701127136336,0.5002970885323826,779,6.659293919683638,"[24, 18, 23, 19]"
Q80_Sub1,0.05,0.0058680069632828236,8.121749851852655e-05,0.0003001595032401383,9.009572465856763e-08,0.19623006880283356,0.2825504541397095,0.39985978603363037,0.5711578726768494,0.03076923076923077,0.09592760180995476,0.17194570135746606,0.3221719457013575,0.4805429864253394,0.7738424184189748,0.7902455815002563,0.5103415103415103,1105,7.00850518208228,"[23, 19, 24, 18]"
Q80_Sub2,0.1,0.006107422523200512,9.470859367866069e-05,0.0003391103819012642,1.1499585639285215e-07,0.15889470279216766,0.23339366912841797,0.3480399549007416,0.5276631712913513,0.030534351145038167,0.08119361554476058,0.13879250520471895,0.2512144344205413,0.3754337265787647,0.7685076736456355,0.8265147777824735,0.4795912908575402,1441,7.273786317844895,"[24, 23, 27, 21]"
Q80_Sub3,0.0,0.008024300448596478,0.00012656953185796738,0.00046985707012936473,2.2076565642237256e-07,0.18568763136863708,0.2740664482116699,0.378982812166214,0.5501902103424072,0.032025620496397116,0.08406725380304243,0.14251401120896717,0.2722177742193755,0.41393114491593275,0.7664310422197276,0.815272197571727,0.40863700722855656,1249,7.1308988302963465,"[19, 23, 27, 24]"
Q81_Sub1,0.6,0.00862851645797491,0.0001106017516576685,0.0004128924629185349,1.7048017753040767e-07,0.17468681931495667,0.25325116515159607,0.36185750365257263,0.5613914132118225,0.03049257232212666,0.0727130570758405,0.11727912431587177,0.2220484753713839,0.3565285379202502,0.7549731359401136,0.838306262382629,0.44231148329508985,1279,7.154615356913663,"[23, 24, 27, 19]"
Q82_Sub1,0.0,0.005215148441493511,9.956276335287839e-05,0.00034714851062744856,1.2051209807850682e-07,0.16370578110218048,0.2542048990726471,0.3629154562950134,0.5382131338119507,0.03255813953488372,0.08449612403100776,0.14186046511627906,0.2596899224806202,0.39069767441860465,0.7706239481366914,0.8189571476778836,0.4668880837359098,1290,7.1631723908466425,"[24, 21, 23, 19]"
Q83_Sub1,0.0,0.004060066770762205,0.0001078508430509828,0.00030335295014083385,9.202300788047069e-08,0.13268066942691803,0.202461376786232,0.3010770380496979,0.4921245276927948,0.04684684684684685,0.1,0.14954954954954955,0.25045045045045045,0.3792792792792793,0.791497158728877,0.8080683289644288,0.26185728595367147,1110,7.01301578963963,"[23, 27, 24, 25]"
Q83_Sub2,0.4,0.004437537863850594,9.442365262657404e-05,0.0002634042757563293,6.938181229543261e-08,0.11812396347522736,0.1806745082139969,0.26708224415779114,0.41375967860221863,0.0537862703467799,0.1316348195329087,0.20665251238499646,0.35456475583864117,0.5003538570417552,0.8253189215117466,0.7522853675737722,0.324074074074074,1413,7.254177846456518,"[24, 23, 18, 19]"
Q85_Sub2,0.0,0.006281150039285421,0.00010519827628741041,0.0004227992903906852,1.7875923674637306e-07,0.1786823719739914,0.28501588106155396,0.4515211880207062,0.6707788109779358,0.02097315436241611,0.04865771812080537,0.07885906040268456,0.15100671140939598,0.24496644295302014,0.7074486533516173,0.8849145021531499,0.4021164021164021,1192,7.084226422097916,"[23, 27, 24, 25]"
Q87_Sub2,0.0,0.0034036259166896343,8.929712930694222e-05,0.0002731599088292569,7.461633089178576e-08,0.1221352070569992,0.2162158042192459,0.3293446898460388,0.5005495548248291,0.03770739064856712,0.10407239819004525,0.1794871794871795,0.3257918552036199,0.475867269984917,0.7980305067097273,0.7822540582600583,0.4289133926365209,1326,7.190676034332207,"[23, 24, 27, 18]"
Q88_Sub1,1.0,0.004391670227050781,8.988820627564564e-05,0.000252291007200256,6.365075222447558e-08,0.10587727278470993,0.1750965416431427,0.27008765935897827,0.447790265083313,0.046276211135213303,0.10556760665220535,0.16702819956616052,0.28054953000723065,0.39985538684020244,0.803726475428761,0.7969575522749539,0.34391534391534395,1383,7.232733136177615,"[23, 24, 21, 33]"
Q89_Sub1,0.0,0.0057449545711278915,0.00010412769916001707,0.0003755189827643335,1.4101449608006078e-07,0.1484341323375702,0.23486079275608063,0.3670393228530884,0.5930648446083069,0.026765799256505577,0.05947955390334572,0.09442379182156134,0.17695167286245353,0.30408921933085503,0.7399363847873177,0.8610275696299319,0.48410429660429655,1345,7.204892510204673,"[27, 23, 24, 19]"
Q89_Sub2,0.0,0.008949331939220428,0.0001652674691285938,0.0005636719288304448,3.1772606234881096e-07,0.18220026791095734,0.2898596227169037,0.42738157510757446,0.624253511428833,0.03179824561403509,0.0800438596491228,0.1337719298245614,0.25,0.3706140350877193,0.7554048053014727,0.8272425481322558,0.5311662839647914,912,6.816735880594968,"[24, 19, 23, 21]"
Q89_Sub3,0.0,0.005175948143005371,0.00015999680908862501,0.0004447813844308257,1.9783047378041374e-07,0.11214347928762436,0.19487795233726501,0.323097288608551,0.5570874214172363,0.0394990366088632,0.08766859344894026,0.14065510597302505,0.2630057803468208,0.3921001926782274,0.783738140461898,0.8128508631181799,0.4900153609831029,1038,6.946013991099227,"[23, 24, 27, 21]"
Q90_Sub2,1.0,0.008263305760920048,9.373108332511038e-05,0.0003850450157187879,1.4825965877207636e-07,0.17907163500785828,0.255115807056427,0.3541143834590912,0.5456386208534241,0.02673456397199236,0.0668364099299809,0.11266709102482496,0.21133036282622533,0.3411839592616168,0.7481314077613831,0.8474939519080662,0.4934247380710716,1571,7.360103972989152,"[24, 23, 27, 26]"
Q91_Sub1,0.0,0.0037208760622888803,8.041736873565242e-05,0.0002802855451591313,7.855999228922883e-08,0.12182720005512238,0.20893745124340057,0.3374474048614502,0.5458407998085022,0.027649769585253458,0.061224489795918366,0.09282422646477946,0.16063199473337722,0.26003949967083606,0.7422711497168585,0.8710812756751565,0.4198919678371733,1519,7.326465613840322,"[24, 23, 27, 21]"
Q91_Sub2,0.2,0.0029026451520621777,0.00010697630204958841,0.00026344548678025603,6.940352648143744e-08,0.10642854124307632,0.18500715494155884,0.30394574999809265,0.5087409615516663,0.05093555093555094,0.11954261954261955,0.19334719334719336,0.34407484407484407,0.502079002079002,0.8170113041005094,0.7597321294008761,0.3878258281243356,962,6.870053411798126,"[25, 23, 24, 19]"
Q91_Sub3,0.0,0.006588011048734188,0.00010627473966451362,0.0003130832628812641,9.802112543866315e-08,0.11358295381069183,0.16921782493591309,0.24799831211566925,0.3925116956233978,0.049112426035502955,0.11834319526627218,0.1893491124260355,0.3301775147928994,0.47928994082840237,0.8192509427291279,0.7686177393461289,0.32378829133393033,1690,7.43307534889858,"[24, 23, 18, 27]"
Q92_Sub1,0.1,0.006832328159362078,0.00014644510520156473,0.00047577908844687045,2.263657279399922e-07,0.1839037537574768,0.28784823417663574,0.4128858149051666,0.6073676943778992,0.0359955005624297,0.0843644544431946,0.1327334083239595,0.23847019122609675,0.3712035995500562,0.7605213421099157,0.8255659413874468,0.5178571428571429,889,6.7912214627261855,"[23, 24, 19, 21]"
Q92_Sub2,0.0,0.0024767317809164524,9.195179882226512e-05,0.00023342396889347583,5.4486751110971454e-08,0.09973330050706863,0.17886050045490265,0.29358094930648804,0.47000256180763245,0.050966608084358524,0.12390158172231985,0.1977152899824253,0.3427065026362039,0.492091388400703,0.8199066549573468,0.7599392707311827,0.43647957396118003,1138,7.037905963447182,"[23, 18, 24, 27]"
Q93_Sub1,1.0,0.005715911276638508,7.521113002439961e-05,0.0003072259423788637,9.438778647563595e-08,0.19694630801677704,0.284169465303421,0.3754480481147766,0.5470024347305298,0.029496402877697843,0.07697841726618705,0.14028776978417265,0.27482014388489207,0.4237410071942446,0.7595481557608947,0.8179650536784508,0.3928879045158115,1390,7.237778191923443,"[24, 23, 21, 32]"
Q94_Sub1,0.0,0.0056461128406226635,9.153458086075261e-05,0.00027330900775268674,7.469780882729538e-08,0.1349548101425171,0.20806372165679932,0.30641472339630127,0.48921576142311096,0.04665492957746479,0.11003521126760564,0.17341549295774647,0.3265845070422535,0.49559859154929575,0.8046275438119552,0.7735727187013772,0.4588752632230893,1136,7.036148493750536,"[24, 23, 18, 19]"
Q95_Sub2,1.0,0.00913076288998127,0.00012620755296666175,0.0005033988272771239,2.534103771267837e-07,0.19695346057415009,0.2940325140953064,0.40584796667099,0.5966283679008484,0.026463512429831595,0.06655974338412189,0.11387329591018444,0.2165196471531676,0.3368083400160385,0.7397343562453207,0.8496819740647663,0.4189785175700669,1247,7.129297548929373,"[23, 27, 21, 19]"
Q97_Sub2,0.0,0.00482242600992322,0.00011651741078821942,0.0004217023670207709,1.778328879709079e-07,0.1563367247581482,0.2604944705963135,0.42290735244750977,0.6704678535461426,0.024368231046931407,0.05144404332129964,0.07942238267148015,0.14530685920577618,0.24458483754512636,0.7160563390992368,0.8816546980223523,0.4870169082125604,1108,7.011213987350367,"[23, 25, 27, 24]"
Q98_Sub1,0.0,0.005813386756926775,9.527424117550254e-05,0.00039450207259505987,1.5563189492695528e-07,0.23226507008075714,0.3280802071094513,0.45650604367256165,0.6409068703651428,0.024186046511627906,0.062325581395348835,0.10883720930232559,0.2186046511627907,0.3469767441860465,0.7285006052986076,0.848734922384129,0.49321266968325794,1075,6.98100574072173,"[24, 21, 19, 23]"
Q98_Sub2,0.15,0.004756261594593525,0.00011553340300451964,0.00040177590562961996,1.6142386982664902e-07,0.15738950669765472,0.26479458808898926,0.4117808938026428,0.6347293257713318,0.027447392497712716,0.06129917657822507,0.09881061299176579,0.18572735590118938,0.3074107959743824,0.7371243041145801,0.8590228265011193,0.351836509251588,1093,6.9975959829819265,"[23, 27, 25, 18]"
Q99_Sub1,0.0,0.003801472717896104,8.914182399166748e-05,0.0003049953666049987,9.302217307549654e-08,0.15495604276657104,0.2617723047733307,0.3993593752384186,0.6047809720039368,0.028596961572832886,0.06970509383378017,0.11438784629133154,0.225201072386059,0.36282394995531725,0.7520292036345344,0.8395084166275295,0.5739013266998341,1119,7.02108396428914,"[23, 24, 18, 21]"
Q99_Sub2,0.0,0.00985116045922041,0.00011239842569921166,0.0004901012289337814,2.4019922761908674e-07,0.21361684799194336,0.3203624188899994,0.47091588377952576,0.689471423625946,0.019878997407087293,0.046672428694900604,0.08038029386343994,0.16508210890233363,0.2808988764044944,0.7034369586537369,0.8786529394012061,0.47496677571048856,1157,7.05444965813294,"[23, 27, 25, 28]"
Q101_Sub1,0.0,0.00787382572889328,9.848819900071248e-05,0.0003970115794800222,1.5761820293391793e-07,0.2056872695684433,0.29431405663490295,0.3939090669155121,0.5619320273399353,0.028996865203761754,0.07601880877742946,0.1206896551724138,0.219435736677116,0.3401253918495298,0.74665896378648,0.8427737694043211,0.38902193696714243,1276,7.152268856032539,"[23, 24, 25, 27]"
Q101_Sub2,0.0,0.006803683936595917,0.00010222150740446523,0.0004078396304976195,1.6633316590741742e-07,0.18008798360824585,0.27709805965423584,0.4039222002029419,0.6161758303642273,0.023238380809595203,0.05247376311844078,0.08395802098950525,0.15892053973013492,0.2653673163418291,0.7208682418034098,0.8764828719207858,0.3770913770913771,1334,7.19668657083435,"[23, 27, 21, 24]"
Q102_Sub1,0.0,0.004545586183667183,8.300689660245553e-05,0.000259263877524063,6.721775491769222e-08,0.18355679512023926,0.27545997500419617,0.40576428174972534,0.6254749894142151,0.040897097625329816,0.09234828496042216,0.14643799472295516,0.2678100263852243,0.41688654353562005,0.7714023025021336,0.8056658221129247,0.41922960952811694,758,6.63200177739563,"[24, 18, 23, 25]"
Q102_Sub2,0.05,0.004815923515707254,0.00014806081890128553,0.0004203246207907796,1.766727990570871e-07,0.10184726119041443,0.17826779186725616,0.2743462026119232,0.4540068507194519,0.043055555555555555,0.09583333333333334,0.1451388888888889,0.24513888888888888,0.36944444444444446,0.793982695403824,0.8141317523778651,0.3700344179796235,1440,7.273092595999522,"[23, 24, 21, 27]"
Q103_Sub1,0.05,0.006783823482692242,0.00010345074406359345,0.0003499037120491266,1.2243260982813808e-07,0.15685667097568512,0.2481415867805481,0.36305275559425354,0.5526331663131714,0.035211267605633804,0.0818661971830986,0.12764084507042253,0.21830985915492956,0.3283450704225352,0.7616543966410076,0.837645051830135,0.40186745449903344,1136,7.036148493750536,"[24, 23, 27, 21]"
Q103_Sub2,0.0,0.007777618244290352,8.272485138149932e-05,0.00040754597284831107,1.6609372721632099e-07,0.19617290794849396,0.30874961614608765,0.46488839387893677,0.6859273314476013,0.01486988847583643,0.03283767038413878,0.04956629491945477,0.09479553903345725,0.1691449814126394,0.6671279967452033,0.9191782046521877,0.39240733270584016,1614,7.387090235656757,"[23, 27, 21, 24]"
Q104_Sub2,0.0,0.005880242213606834,0.00011141118011437356,0.0003789055917877704,1.4356943722759752e-07,0.1544608175754547,0.24220331013202667,0.3828870952129364,0.6245432496070862,0.029906542056074768,0.06261682242990654,0.09439252336448598,0.17009345794392525,0.2719626168224299,0.7362922783069771,0.8648864076584573,0.45719208431743513,1070,6.976348070447749,"[23, 21, 18, 24]"
Q112_Sub1,1.0,0.00728865060955286,7.847922097425908e-05,0.0003373103972990066,1.1377829878256307e-07,0.2025252878665924,0.29666510224342346,0.4076225459575653,0.6168469190597534,0.024844720496894408,0.055900621118012424,0.09549689440993789,0.20419254658385094,0.3447204968944099,0.7289717855270084,0.8545441055936742,0.5056478766156185,1288,7.161622002939187,"[23, 24, 18, 21]"
Q113_Sub1,0.0,0.007361611817032099,0.00011230150266783312,0.00039927128818817437,1.5941755293624738e-07,0.21834798157215118,0.31526410579681396,0.43888235092163086,0.6441882848739624,0.03465982028241335,0.0834403080872914,0.14120667522464697,0.25802310654685495,0.38767650834403083,0.7533867782351329,0.8202840304118759,0.4932651704292766,779,6.659293919683638,"[23, 24, 21, 18]"
Q113_Sub2,0.0,0.00850838515907526,0.0001479732891311869,0.0005317521863617003,2.827603964306036e-07,0.18058224022388458,0.2759038507938385,0.3939846158027649,0.6199262738227844,0.029684601113172542,0.06307977736549165,0.09369202226345083,0.1567717996289425,0.23283858998144713,0.7258574548669613,0.877429924214927,0.43424674674674674,1078,6.983789965258135,"[23, 24, 27, 21]"
Q114_Sub1,0.9,0.006771128624677658,7.664869190193713e-05,0.0003644369717221707,1.3281430710776476e-07,0.24782070517539978,0.3433281481266022,0.46239638328552246,0.6335954666137695,0.018867924528301886,0.05509433962264151,0.10113207547169811,0.21358490566037736,0.35320754716981134,0.7167636452358129,0.8557998244959741,0.5172428215906476,1325,7.189922170745808,"[21, 23, 24, 19]"
Q114_Sub2,0.5,0.006174587644636631,9.66861261986196e-05,0.0003478113212622702,1.2097271451239067e-07,0.16053159534931183,0.24990203976631165,0.376539409160614,0.5986178517341614,0.028925619834710745,0.06198347107438017,0.10082644628099173,0.19834710743801653,0.3305785123966942,0.7439600127965064,0.8522145376854025,0.36878759100981323,1210,7.099201743553092,"[23, 24, 27, 18]"
Q115_Sub2,0.0,0.01074169296771288,9.329226304544136e-05,0.00047319516306743026,2.2391365916973882e-07,0.2583830952644348,0.3552285134792328,0.46930673718452454,0.6405598521232605,0.019409937888198756,0.05201863354037267,0.08850931677018634,0.1777950310559006,0.297360248447205,0.7026102671411806,0.8719767970378534,0.3472844458759952,1288,7.161622002939187,"[23, 25, 24, 27]"
Q116_Sub1,1.0,0.006031381897628307,7.81985727371648e-05,0.000288709212327376,8.335300094586273e-08,0.15700756013393402,0.24214744567871094,0.3536949157714844,0.5192914605140686,0.03185595567867036,0.07756232686980609,0.12673130193905818,0.2409972299168975,0.37880886426592797,0.765103376649201,0.829123017800147,0.3692420221813976,1444,7.275864600546533,"[27, 24, 23, 19]"
Q118_Sub1,0.0,0.00435877637937665,7.199925312306732e-05,0.0002569640928413719,6.603054458764746e-08,0.15742453932762146,0.2353086620569229,0.36394551396369934,0.5714448690414429,0.0285935085007728,0.0687789799072643,0.11051004636785162,0.20865533230293662,0.3361669242658423,0.7518673740601941,0.8459683057727756,0.4543755712233973,1294,7.166265974133638,"[23, 21, 24, 18]"
Q119_Sub1,0.05,0.005224012304097414,8.544542652089149e-05,0.0003395476669538766,1.1529262167186971e-07,0.18121500313282013,0.2817903161048889,0.4083074629306793,0.6197922229766846,0.023700305810397553,0.05198776758409786,0.08333333333333333,0.154434250764526,0.2423547400611621,0.7177208502632783,0.8819307703613992,0.4091313327306536,1308,7.1770187659099,"[23, 25, 21, 19]"
Q120_Sub1,0.0,0.00964975357055664,8.760971832089126e-05,0.0003658862551674247,1.3387275998866244e-07,0.1871688961982727,0.25030747056007385,0.3422931730747223,0.5258679986000061,0.03350707371556218,0.0766939687267312,0.12062546537602382,0.21518987341772153,0.3313477289650037,0.7532845582491917,0.8410235713742138,0.3759531590413943,1343,7.203405521083095,"[23, 24, 21, 25]"
Q120_Sub2,0.0,0.00977287720888853,0.00014641768939327449,0.0005468936869874597,2.990927043811098e-07,0.18584376573562622,0.2709045708179474,0.39478838443756104,0.6185917854309082,0.02901178603807797,0.06346328195829556,0.09700815956482321,0.17225747960108795,0.26745240253853125,0.7304133313762594,0.8684813623433603,0.41846391846391845,1103,7.00669522683704,"[27, 23, 21, 29]"
Q122_Sub1,0.0,0.009784026071429253,6.227062840480357e-05,0.00029916950734332204,8.950238594707116e-08,0.18260760605335236,0.25174376368522644,0.3465476930141449,0.5016040205955505,0.0294811320754717,0.08903301886792453,0.1645047169811321,0.3142688679245283,0.4722877358490566,0.7709027509715701,0.7974899649870857,0.44161308247995557,1696,7.436617265234227,"[23, 24, 18, 21]"
Q123_Sub1,1.0,0.01011847797781229,8.707622328074649e-05,0.00041213855729438365,1.69858182630378e-07,0.21105532348155975,0.31292182207107544,0.42925095558166504,0.6243537068367004,0.020655270655270654,0.051994301994301995,0.0876068376068376,0.16951566951566951,0.2813390313390313,0.7120137230462461,0.8744873848441399,0.3896038896038896,1404,7.247792581767846,"[23, 27, 24, 28]"
Q124_Sub3,0.0,0.005926117300987244,9.502780449111015e-05,0.0003962356422562152,1.5700267397278367e-07,0.1905898153781891,0.29784613847732544,0.4262694716453552,0.622752845287323,0.021245421245421246,0.05347985347985348,0.09377289377289377,0.2021978021978022,0.34065934065934067,0.7266917444730384,0.8582735957109668,0.4708003036819313,1365,7.2196420401307355,"[23, 27, 24, 21]"
Q124_Sub4,0.05,0.004108451772481203,8.404167601838708e-05,0.0003016444097738713,9.098935294105104e-08,0.12949779629707336,0.22171486914157867,0.340598464012146,0.544855535030365,0.02666666666666667,0.061587301587301586,0.10095238095238095,0.2,0.33714285714285713,0.7517296583313898,0.851219821824831,0.43264143264143257,1575,7.362645270417825,"[23, 24, 27, 18]"
Q125_Sub1,1.0,0.006080599036067724,9.120673348661512e-05,0.00035334768472239375,1.2485458000810468e-07,0.1695823222398758,0.25780001282691956,0.38602229952812195,0.5812432169914246,0.02503576537911302,0.059370529327610874,0.09585121602288985,0.18168812589413447,0.31258941344778257,0.7366709589542584,0.8606627543085152,0.46638210595726176,1398,7.243512974665482,"[23, 24, 21, 18]"
Q127_Sub1,0.0,0.007272689137607813,0.00010092287266161293,0.00037515416624955833,1.4074065290969884e-07,0.17872820794582367,0.27984464168548584,0.40821561217308044,0.6144021153450012,0.027927927927927927,0.06936936936936937,0.12252252252252252,0.23693693693693693,0.37207207207207205,0.7484877254638189,0.8365808369757508,0.4931927975406236,1110,7.01301578963963,"[23, 21, 24, 18]"
Q128_Sub1,0.0,0.01202747505158186,0.00013107039558235556,0.0005890500033274293,3.4697993100962776e-07,0.23621320724487305,0.3678452670574188,0.511283278465271,0.7273492813110352,0.01975051975051975,0.04677754677754678,0.07172557172557173,0.13201663201663202,0.22765072765072766,0.684104454331574,0.8917889328045105,0.4880020865936359,962,6.870053411798126,"[23, 19, 27, 24]"
Q129_Sub1,0.0,0.006152628920972347,0.00011967332829954103,0.00040282250847667456,1.6226597665536246e-07,0.10499977320432663,0.1807553917169571,0.29670456051826477,0.5263556241989136,0.028804007514088917,0.059486537257357544,0.09142141515341265,0.15779586725109582,0.23919849718221667,0.7440672713697624,0.8759035683640839,0.4452670438585932,1597,7.37650812632622,"[24, 23, 27, 21]"
Q130_Sub1,0.0,0.0076856184750795364,6.94336777087301e-05,0.0003541726036928594,1.2543823402211274e-07,0.19933955371379852,0.30344411730766296,0.4388452470302582,0.6276016235351562,0.0144617032672737,0.03802892340653455,0.0664167113015533,0.12319228709159079,0.20192822710230315,0.6870716980853663,0.9059709413272996,0.4114404503305071,1867,7.532623618788788,"[27, 23, 24, 25]"
Q131_Sub1,0.05,0.006611055228859186,0.000107049141661264,0.0004159406234975904,1.73006597492531e-07,0.22231511771678925,0.3250967860221863,0.4692610502243042,0.7070596814155579,0.026018099547511313,0.05542986425339366,0.08484162895927602,0.166289592760181,0.2839366515837104,0.710971689479471,0.8708282836893364,0.45711500974658864,884,6.785587645007929,"[23, 24, 21, 25]"
Q131_Sub2,1.0,0.004671788774430752,9.914646216202527e-05,0.00032696520793251693,1.0690625629194983e-07,0.1255515068769455,0.2083122581243515,0.3274446129798889,0.5343548059463501,0.03142857142857143,0.06928571428571428,0.11142857142857143,0.2007142857142857,0.32142857142857145,0.7600606803402543,0.8469398507407144,0.47828093748397355,1400,7.244941546337007,"[27, 23, 24, 18]"
Q132_Sub1,0.0,0.00423872796818614,0.00010529200517339632,0.00032692644163034856,1.068808899162832e-07,0.17178118228912354,0.2667464017868042,0.4083303213119507,0.6116396188735962,0.03604651162790698,0.09069767441860466,0.1511627906976744,0.26976744186046514,0.4011627906976744,0.7709538256370118,0.8106414140955711,0.5209042506764424,860,6.7580945044277305,"[24, 23, 27, 18]"
Q134_Sub2,0.0,0.0063750967383384705,7.931359141366556e-05,0.00033315044129267335,1.109892124873113e-07,0.19757020473480225,0.3001994788646698,0.42220965027809143,0.6314973831176758,0.022709475332811275,0.05168363351605325,0.08065779169929523,0.15740015661707127,0.2803445575567737,0.7151347134862895,0.8744725121434054,0.49216903315263966,1277,7.15305163493748,"[23, 19, 24, 25]"
Q136_Sub2,0.05,0.007402126677334309,0.00011583521700231358,0.0003736209182534367,1.395925863789671e-07,0.14363780617713928,0.21637246012687683,0.32475584745407104,0.5210555195808411,0.038493723849372385,0.08368200836820083,0.1297071129707113,0.24184100418410043,0.3807531380753138,0.7756508230285474,0.8207407738048529,0.3134284016636958,1195,7.086737934510577,"[23, 24, 18, 27]"
Q137_Sub1,0.05,0.007861100137233734,0.00013907179527450353,0.0004924624809063971,2.4251932018160005e-07,0.23559103906154633,0.34942343831062317,0.4866921901702881,0.6913653016090393,0.03125,0.07528409090909091,0.13210227272727273,0.2684659090909091,0.4275568181818182,0.745334980651934,0.8176230293338009,0.5930584148224395,704,6.558197802812269,"[24, 23, 19, 18]"
Q142_Sub1,0.0,0.007217247039079666,0.00011281782644800842,0.00038156387745402753,1.4559098815425386e-07,0.2042294144630432,0.3015097379684448,0.41543009877204895,0.6037077307701111,0.037082818294190356,0.10259579728059333,0.17799752781211373,0.33498145859085293,0.48825710754017304,0.7784231491131686,0.7807218949571049,0.5051255143895391,809,6.697034247666484,"[24, 23, 18, 27]"
Q144_Sub1,0.2,0.005272293463349342,9.081354073714465e-05,0.0003496674180496484,1.2226729495523614e-07,0.20607750117778778,0.2959368824958801,0.41836485266685486,0.6358457803726196,0.027700831024930747,0.05817174515235457,0.0886426592797784,0.15974145891043398,0.2548476454293629,0.7204413873309657,0.8738845837380953,0.46603205496086697,1083,6.988413181999592,"[27, 24, 23, 25]"
Q144_Sub2,0.1,0.004437361378222704,0.00011801872460637242,0.0003484138287603855,1.21392190521874e-07,0.15720045566558838,0.23351281881332397,0.3404785096645355,0.5429247617721558,0.041749502982107355,0.10636182902584493,0.17693836978131214,0.33101391650099404,0.49204771371769385,0.797011516834799,0.777124051978237,0.4759176120981117,1006,6.914730892718563,"[23, 24, 18, 26]"
Q145_Sub2,0.0,0.0060740876942873,0.00012010718637611717,0.0003684655239339918,1.3576683954852342e-07,0.13861912488937378,0.22524340450763702,0.34835100173950195,0.5548061728477478,0.03886255924170616,0.08625592417061612,0.13838862559241707,0.26350710900473934,0.4037914691943128,0.7782935133012696,0.8119238434570764,0.43722522981676887,1055,6.962243464266207,"[23, 19, 24, 18]"
Q146_Sub1,0.0,0.004696290008723736,0.00011031142639694735,0.0003685519041027874,1.3583050417764753e-07,0.17345529794692993,0.2846347689628601,0.4318319857120514,0.6447526216506958,0.029411764705882353,0.0718954248366013,0.1187363834422658,0.22113289760348584,0.3355119825708061,0.7466538716785742,0.8425097650327362,0.4863654863654863,918,6.823286122355687,"[23, 24, 18, 21]"
Q147_Sub1,0.2,0.004088012035936117,8.701951446710154e-05,0.00030717437039129436,9.435609626962105e-08,0.18815267086029053,0.3057873845100403,0.4448910355567932,0.6645064949989319,0.02795698924731183,0.06236559139784946,0.10215053763440861,0.1881720430107527,0.3,0.7316119696468756,0.8579086818720834,0.4697346600331675,930,6.836259277277067,"[21, 24, 23, 25]"
Q148_Sub1,0.2,0.006379337050020695,9.34532072278671e-05,0.0003844726597890258,1.478192217518881e-07,0.2524743974208832,0.3687412142753601,0.5274968147277832,0.7371591329574585,0.022900763358778626,0.05343511450381679,0.09287531806615776,0.19338422391857507,0.3193384223918575,0.7054668736890121,0.8619126285844363,0.4122489532325598,786,6.668228248417403,"[23, 24, 25, 18]"
Q149_Sub1,1.0,0.004926606547087431,7.930328138172626e-05,0.0002938732213806361,8.636146731078043e-08,0.17250807583332062,0.26295071840286255,0.3877972960472107,0.5924063920974731,0.02713487629688747,0.06863527533918595,0.1149241819632881,0.23224261771747806,0.3830806065442937,0.7513315585557712,0.8359287017133084,0.44326866549088767,1253,7.134093721192866,"[24, 23, 27, 18]"
Q150_Sub1,0.0,0.010119511745870113,0.00010555424523772672,0.00048423639964312315,2.3448490082955686e-07,0.19145053625106812,0.3003336787223816,0.42439839243888855,0.5895613431930542,0.019230769230769232,0.056451612903225805,0.09987593052109181,0.1966501240694789,0.3281637717121588,0.7254929602402759,0.8612574462009259,0.4714370596723538,1612,7.385851078125209,"[23, 24, 27, 26]"
Q151_Sub1,0.0,0.005647510755807161,0.00016884261276572943,0.00037195521872490644,1.3835068557455088e-07,0.1312839686870575,0.20050674676895142,0.29072532057762146,0.45168840885162354,0.08311345646437995,0.17941952506596306,0.2598944591029024,0.39050131926121373,0.5158311345646438,0.8459752558284606,0.705490192833925,0.25326797385620914,758,6.63200177739563,"[23, 18, 21, 24]"
Q151_Sub2,0.0,0.005160356406122446,8.364194945897907e-05,0.000320196122629568,1.025255613740228e-07,0.14943622052669525,0.24800151586532593,0.3600497245788574,0.5565765500068665,0.02495201535508637,0.060140754958413305,0.09596928982725528,0.17722328854766475,0.2866282789507358,0.7392821473800744,0.8657197914893475,0.4971139971139971,1563,7.355001921105257,"[23, 24, 19, 21]"
Q152_Sub1,0.0,0.008957191370427608,0.00010952032607747242,0.0004867271054536104,2.369032756632805e-07,0.2840692400932312,0.382567435503006,0.5069655179977417,0.6885086894035339,0.022675736961451247,0.061224489795918366,0.10770975056689343,0.21768707482993196,0.37188208616780044,0.7135317980411328,0.8472511082709846,0.5555054264731684,882,6.78332520060396,"[23, 24, 19, 18]"
Q152_Sub2,0.1,0.0051819453947246075,9.940053860191256e-05,0.00032621805439703166,1.0641821290846565e-07,0.14795200526714325,0.2212485373020172,0.33197295665740967,0.5306845307350159,0.035256410256410256,0.08012820512820513,0.12740384615384615,0.23397435897435898,0.359775641025641,0.7703428568052519,0.8282072143732884,0.41744645633651306,1248,7.130098510125578,"[23, 18, 24, 27]"
Q153_Sub1,0.0,0.007070835679769516,7.610087777720764e-05,0.00034827066701836884,1.212924587434827e-07,0.19008088111877441,0.28691020607948303,0.4220171868801117,0.6185082793235779,0.017857142857142856,0.0480295566502463,0.08497536945812807,0.18842364532019704,0.3171182266009852,0.716878255441854,0.8698760812740767,0.5549843674843675,1624,7.393263094763838,"[21, 23, 24, 19]"
Q153_Sub2,0.0,0.009209913201630116,6.87131323502399e-05,0.00037212908500805497,1.3848004698502336e-07,0.24469423294067383,0.31872883439064026,0.42862510681152344,0.6058521866798401,0.020077720207253884,0.05116580310880829,0.086139896373057,0.17033678756476683,0.28886010362694303,0.7052419732173542,0.8753594900081765,0.4822595704948646,1544,7.3427791893318455,"[23, 24, 26, 25]"
Q155_Sub1,0.0,0.009512251242995262,0.00010097966151079163,0.00042510361527092755,1.8071308716116619e-07,0.17570731043815613,0.2648203372955322,0.39195796847343445,0.6240849494934082,0.02327272727272727,0.04727272727272727,0.07272727272727272,0.14036363636363636,0.2545454545454545,0.7117472968990685,0.8836676025234629,0.4530133933119007,1375,7.226936018493289,"[23, 24, 18, 27]"
Q156_Sub1,0.0,0.0075518726371228695,8.382983651245013e-05,0.00034524258808232844,1.1919244968794374e-07,0.20260564982891083,0.2728010416030884,0.37527433037757874,0.5518738627433777,0.03313508920985556,0.08581138487680544,0.14018691588785046,0.2531860662701784,0.3823279524214104,0.7591149922353589,0.8211654153552648,0.3162878787878788,1177,7.071573364211532,"[23, 24, 25, 18]"
Q157_Sub1,0.3,0.007827883586287498,0.00011574204108910635,0.00041206678724847734,1.6979903705305333e-07,0.1788659244775772,0.2744700312614441,0.4059572219848633,0.6274065375328064,0.03118712273641851,0.06841046277665996,0.11066398390342053,0.20020120724346077,0.30482897384305835,0.7419767131334819,0.8512477617033309,0.44693790597466077,994,6.902742737158593,"[23, 24, 18, 21]"
Q157_Sub2,0.2,0.007181102409958839,0.00011588902998482808,0.0003795730008278042,1.4407567050511716e-07,0.1298629194498062,0.19243592023849487,0.29558488726615906,0.47719451785087585,0.038329911019849415,0.07939767282683094,0.11909650924024641,0.1943874058863792,0.2950034223134839,0.7684091201053955,0.8449156701499045,0.38610818405338954,1461,7.2875606403097235,"[24, 23, 19, 27]"
Q159_Sub1,0.0,0.004185871221125126,7.060063944663852e-05,0.0002994145324919373,8.964906328401412e-08,0.21008117496967316,0.3174859583377838,0.44248196482658386,0.6440511345863342,0.020440251572327043,0.05110062893081761,0.08647798742138364,0.17138364779874213,0.30660377358490565,0.715400381418581,0.8693940805783751,0.45679470144103496,1272,7.149131598557407,"[21, 23, 18, 24]"
Q160_Sub1,1.0,0.005558643490076065,0.00010151421884074807,0.0003492171526886523,1.219526097884227e-07,0.12782247364521027,0.2102651298046112,0.3273274600505829,0.5383911728858948,0.02887844190732035,0.06447280053727333,0.10342511752854265,0.19274680993955676,0.3149764942914708,0.7538332910919479,0.8542690634661767,0.36345935638944277,1489,7.306531398939505,"[23, 24, 21, 27]"
Q160_Sub3,1.0,0.004040384199470282,5.990724093862809e-05,0.0002112946822308004,4.4645442898172405e-08,0.15800823271274567,0.23095917701721191,0.3176266551017761,0.48281484842300415,0.03590078328981723,0.09856396866840732,0.17428198433420367,0.3328981723237598,0.4915143603133159,0.792769566259129,0.782792875978763,0.38221065095337003,1532,7.334981878871814,"[24, 23, 18, 25]"
Q162_Sub1,0.0,0.006002203561365604,8.612915553385392e-05,0.0003380636335350573,1.1428701185423051e-07,0.1966632604598999,0.3113131523132324,0.4503560960292816,0.6557709574699402,0.023430178069353328,0.05810684161199625,0.09653233364573571,0.18744142455482662,0.29990627928772257,0.7237766907600526,0.8625222175622616,0.4813087341072415,1067,6.97354301952014,"[23, 21, 18, 24]"
Q162_Sub2,0.0,0.006613331846892834,9.797486563911662e-05,0.0003479397273622453,1.2106204394513043e-07,0.12155872583389282,0.19357739388942719,0.3000446557998657,0.502785325050354,0.028901734104046242,0.06242774566473988,0.09710982658959537,0.17052023121387283,0.2606936416184971,0.7491083438827542,0.8690270811745868,0.3745162837847731,1730,7.456454555176209,"[23, 24, 27, 21]"
Q164_Sub2,0.0,0.0045979078859090805,0.00010887711687246338,0.00035901772207580507,1.2889373124380654e-07,0.11500746011734009,0.19223745167255402,0.28753042221069336,0.46868231892585754,0.033642691415313224,0.07366589327146171,0.11716937354988399,0.21983758700696054,0.33120649651972156,0.7711425082664526,0.8429291846168401,0.27895130304768856,1724,7.45298232946546,"[23, 21, 27, 24]"
Q165_Sub1,0.0,0.0039889211766421795,6.11958239460364e-05,0.00024364462296944112,5.936270497386431e-08,0.16485220193862915,0.25196632742881775,0.36742353439331055,0.5559533834457397,0.024103831891223733,0.06056860321384425,0.1100123609394314,0.24598269468479605,0.4054388133498146,0.750409446973924,0.837220436509031,0.39504744767902666,1618,7.389563953677635,"[23, 24, 21, 18]"
Q165_Sub2,0.0,0.005664629861712456,4.9730333557818085e-05,0.00021149498934391886,4.473013248684765e-08,0.1387999802827835,0.2106524407863617,0.30946359038352966,0.4877137243747711,0.023067065356685176,0.074754378470739,0.1345578812473302,0.27509611277231955,0.4421187526697992,0.7696396216237507,0.8187917607836379,0.43000143000143004,2341,7.758760544157663,"[23, 24, 18, 26]"
Q166_Sub1,0.0,0.01093495637178421,0.00012137747398810461,0.0004240754060447216,1.7983995803660946e-07,0.1282786875963211,0.19347120821475983,0.29064422845840454,0.46365344524383545,0.03729456384323641,0.084070796460177,0.12389380530973451,0.20417193426042984,0.29898862199747156,0.7709520964607668,0.8421739224914366,0.39240733270584016,1582,7.367077059881012,"[23, 24, 21, 27]"
Q167_Sub1,0.0,0.0039139422588050365,0.00010171903704758734,0.00033150005037896335,1.0989229082269958e-07,0.12836304306983948,0.2188076674938202,0.3501165211200714,0.5687239766120911,0.030039525691699605,0.06956521739130435,0.11462450592885376,0.22924901185770752,0.366798418972332,0.7617274148731407,0.8361629982048795,0.45963759581809543,1265,7.143617602704121,"[24, 27, 21, 23]"
Q167_Sub2,0.35,0.006640605162829161,0.00011728233948815614,0.00037057528970763087,1.3732604031702067e-07,0.11618460714817047,0.19268889725208282,0.29804542660713196,0.46976426243782043,0.037859007832898174,0.08877284595300261,0.13903394255874674,0.2447780678851175,0.3674934725848564,0.7845225522798032,0.8209735094893864,0.33110660127402897,1532,7.334981878871814,"[24, 23, 21, 27]"
Q168_Sub1,0.0,0.006438200827687979,8.234289998654276e-05,0.0003420875291340053,1.1702388746925863e-07,0.22614045441150665,0.30210572481155396,0.3959985077381134,0.536619246006012,0.03492333901192504,0.1030664395229983,0.17802385008517888,0.3202725724020443,0.4735945485519591,0.7711409335775478,0.7882567362315267,0.43815896669276827,1174,7.069023426578259,"[23, 19, 24, 18]"
Q169_Sub1,1.0,0.004015767481178045,9.82591591309756e-05,0.0003326589649077505,1.1066198624121171e-07,0.1845231056213379,0.2973653972148895,0.4260938763618469,0.6206693053245544,0.031746031746031744,0.0761904761904762,0.1259259259259259,0.22962962962962963,0.3502645502645503,0.7513781948107351,0.836564285744505,0.5498267251422931,945,6.852242569051878,"[21, 24, 23, 19]"
Q170_Sub2,0.0,0.008036111481487751,0.0001157136430265382,0.000452167761977762,2.0445568793547864e-07,0.16301372647285461,0.2618911862373352,0.37194857001304626,0.5721802711486816,0.0264808362369338,0.05505226480836237,0.0794425087108014,0.1337979094076655,0.21742160278745645,0.7199588116164167,0.885950854073017,0.40978004596054557,1435,7.269616749608169,"[23, 24, 27, 21]"
Q172_Sub1,1.0,0.005334393121302128,0.00011088199244113639,0.0003398107655812055,1.1547136580247752e-07,0.14258542656898499,0.22765162587165833,0.34429824352264404,0.5404927134513855,0.03959484346224678,0.08747697974217311,0.13351749539594843,0.23480662983425415,0.3453038674033149,0.7725796415437164,0.8281815043981287,0.46650737759892696,1086,6.99117688712121,"[23, 24, 18, 19]"
Q174_Sub1,0.05,0.005385588854551315,0.0001117033461923711,0.00041512897587381303,1.7233206506261922e-07,0.13614240288734436,0.22438663244247437,0.3696533739566803,0.603622317314148,0.02309307207837649,0.05318404478656403,0.08257522743177047,0.15255423372988103,0.2568229531140658,0.7264680775589522,0.8789061036187242,0.46832146832146826,1429,7.265429723253953,"[23, 21, 19, 20]"
Q174_Sub2,0.2,0.004877985455095768,0.00010360936721554026,0.00036369854933582246,1.322766394196151e-07,0.15210199356079102,0.2393307387828827,0.35715335607528687,0.550036609172821,0.029433406916850625,0.0706401766004415,0.10890360559234731,0.1905813097866078,0.2891832229580574,0.7499035506072612,0.8567133877379267,0.4636960126901723,1359,7.215239978730097,"[23, 24, 19, 21]"
Q177_Sub1,0.0,0.00675010634586215,0.00011379884381312877,0.0003872829838655889,1.4998811082023167e-07,0.18838466703891754,0.2689844071865082,0.3781147301197052,0.5606489777565002,0.03747534516765286,0.09171597633136094,0.15779092702169625,0.2958579881656805,0.4368836291913215,0.7767015143131915,0.7995587207535659,0.4234383637368712,1014,6.922643891475888,"[23, 19, 24, 18]"
Q178_Sub1,1.0,0.004397241398692131,0.00012416340177878737,0.0003682690148707479,1.3562207357153966e-07,0.16119393706321716,0.2554413974285126,0.3787109851837158,0.5803697109222412,0.03871681415929203,0.09513274336283185,0.1570796460176991,0.2842920353982301,0.4247787610619469,0.781611246367642,0.8007168510754485,0.4754895740811234,904,6.807934943699926,"[24, 23, 21, 18]"
Q179_Sub1,0.0,0.004595662001520395,9.039213182404637e-05,0.0003088204830419272,9.537008338611486e-08,0.1648000329732895,0.2633272707462311,0.40675482153892517,0.6016173362731934,0.02859778597785978,0.08302583025830258,0.1522140221402214,0.31088560885608857,0.47878228782287824,0.7699094687482653,0.7999417737514194,0.5805946791862285,1084,6.98933526597456,"[18, 24, 23, 19]"
Q180_Sub2,0.0,0.009200036525726318,0.00016859231982380152,0.0005495923687703907,3.02051745393328e-07,0.15584589540958405,0.23089604079723358,0.34859246015548706,0.557123601436615,0.03755868544600939,0.07981220657276995,0.11643192488262911,0.18967136150234742,0.2948356807511737,0.7571121060614332,0.8456031501403694,0.41920071647862894,1065,6.97166860472579,"[21, 23, 19, 24]"
Q181_Sub1,0.0,0.0053696585819125175,6.659937207587063e-05,0.0002824505791068077,7.977833149652724e-08,0.18212150037288666,0.2880302965641022,0.42242205142974854,0.6138978600502014,0.020905923344947737,0.0529616724738676,0.08850174216027874,0.18118466898954705,0.2961672473867596,0.7221090959685746,0.8695051709020378,0.36402841197361746,1435,7.269616749608169,"[21, 23, 27, 19]"
Q181_Sub2,0.0,0.009989360347390175,0.00015681583317928016,0.0005346316029317677,2.858309642306267e-07,0.15624849498271942,0.21642997860908508,0.31612473726272583,0.5203996300697327,0.03656597774244833,0.08028616852146264,0.11844197138314785,0.1987281399046105,0.3036565977742448,0.762244802606152,0.8430332640774787,0.4114404503305071,1258,7.138073034044347,"[24, 23, 21, 19]"
Q182_Sub1,1.0,0.008698136545717716,7.57592570153065e-05,0.00038838270120322704,1.5084113158536638e-07,0.248260036110878,0.3408697843551636,0.466552734375,0.6326844692230225,0.017111567419575632,0.0485968514715948,0.08555783709787816,0.1759069130732375,0.2950034223134839,0.7018522032760358,0.8758538832747507,0.554139652731202,1461,7.2875606403097235,"[23, 24, 19, 21]"
Q182_Sub3,1.0,0.004513615742325783,0.0001028023034450598,0.0003388853801880032,1.1484330997291181e-07,0.11746108531951904,0.1985235959291458,0.3121550977230072,0.5167447924613953,0.03057905009759271,0.07351984385165908,0.12036434612882238,0.22055953155497723,0.33116460637605727,0.7661950737705578,0.8433709881325451,0.5172428215906476,1537,7.338238150065589,"[23, 24, 27, 21]"
Q184_Sub1,0.95,0.0046224817633628845,5.4720938351238146e-05,0.00022653081396128982,5.131620994802688e-08,0.20107701420783997,0.285532146692276,0.4090738594532013,0.6102442145347595,0.023752969121140142,0.06413301662707839,0.11163895486935867,0.22565320665083136,0.38638163103721296,0.7393473275404341,0.8399331164402186,0.3341137450004878,1263,7.142036574706803,"[23, 24, 25, 18]"
Q184_Sub2,0.0,0.005362123250961304,0.00010475508315721527,0.0003288307343609631,1.081296474580995e-07,0.11941930651664734,0.18944808840751648,0.3000999391078949,0.48873358964920044,0.03617747440273038,0.08464163822525597,0.1392491467576792,0.25324232081911263,0.39044368600682594,0.7838910027501446,0.817554765507821,0.3390139032733892,1465,7.290292882446597,"[23, 24, 27, 18]"
Q185_Sub1,1.0,0.0074600400403141975,7.223346619866788e-05,0.00036212411941960454,1.3113388774854684e-07,0.2516646981239319,0.347585529088974,0.4666396379470825,0.6378189921379089,0.0169971671388102,0.05099150141643059,0.09419263456090651,0.21388101983002833,0.3654390934844193,0.710787691395917,0.8569724868888988,0.5172428215906477,1412,7.253470382684528,"[23, 19, 21, 18]"
Q185_Sub2,1.0,0.006034499034285545,0.00010160319652641192,0.00037673584301956,1.4192988828654052e-07,0.18743567168712616,0.28418609499931335,0.3890354633331299,0.5729087591171265,0.029654036243822075,0.0757825370675453,0.12932454695222406,0.25617792421746294,0.40774299835255357,0.7586478870865045,0.8240200853358146,0.4934247380710716,1214,7.102499355774649,"[19, 23, 21, 24]"
Q187_Sub1,0.0,0.006002203561365604,8.612915553385392e-05,0.0003380636335350573,1.1428701185423051e-07,0.1966632604598999,0.3113131523132324,0.4503560960292816,0.6557709574699402,0.023430178069353328,0.05810684161199625,0.09653233364573571,0.18744142455482662,0.29990627928772257,0.7237766907600526,0.8625222175622616,0.4813087341072415,1067,6.97354301952014,"[23, 21, 18, 24]"
Q187_Sub2,0.75,0.005273537244647741,9.328281157650054e-05,0.000325263652484864,1.0579645248753877e-07,0.12166386842727661,0.20744957029819489,0.32152655720710754,0.5207204818725586,0.028696194635059263,0.066126013724267,0.09981285090455397,0.17779164067373673,0.27386150966936995,0.7502888468057203,0.864810866999576,0.3476874003189792,1603,7.38025578842646,"[23, 24, 27, 21]"
Q188_Sub1,1.0,0.007088812999427319,0.00011694072600221261,0.0004083752282895148,1.6677032022016647e-07,0.17907732725143433,0.27517130970954895,0.4029650390148163,0.6017176508903503,0.030563514804202482,0.07736389684813753,0.14231136580706782,0.2836676217765043,0.44317096466093603,0.7641708420996834,0.8115657171183961,0.6158748712810665,1047,6.954638864880987,"[23, 24, 21, 19]"
Q188_Sub3,1.0,0.0054777562618255615,7.337937859119847e-05,0.00026265549240633845,6.898790871900928e-08,0.1372259557247162,0.22303897142410278,0.33007359504699707,0.5390278697013855,0.02911306702775897,0.07041299932295193,0.11916046039268788,0.22884224779959378,0.36357481381178064,0.7622478766767031,0.8361922894293059,0.40352787456445993,1477,7.298445101508147,"[23, 24, 27, 18]"
Q192_Sub2,0.15,0.006436673458665609,0.00010801185271702707,0.0003660891961771995,1.3402129184214573e-07,0.14107133448123932,0.219106987118721,0.331181138753891,0.5214155912399292,0.032857142857142856,0.07857142857142857,0.12928571428571428,0.24071428571428571,0.3757142857142857,0.7709426129771717,0.8276352042055117,0.37354696178225594,1400,7.244941546337007,"[23, 27, 24, 18]"
Q194_Sub1,1.0,0.00562934810295701,6.093240881455131e-05,0.00026836173492483795,7.201802532108559e-08,0.17135344445705414,0.2631322145462036,0.400004118680954,0.618217945098877,0.019704433497536946,0.0437192118226601,0.07266009852216748,0.13977832512315272,0.2395320197044335,0.707470834669435,0.8913521518569003,0.45719208431743513,1624,7.393263094763838,"[23, 21, 24, 27]"
Q196_Sub2,1.0,0.005266166292130947,0.0001380193862132728,0.0003920533927157521,1.537058551548398e-07,0.13342751562595367,0.20960499346256256,0.3133940100669861,0.5268747806549072,0.04283054003724395,0.09776536312849161,0.15921787709497207,0.2839851024208566,0.4180633147113594,0.7928810850534738,0.7981147827244475,0.4787534190519265,1074,6.980075940561763,"[23, 24, 18, 21]"
