Main Question,Sub Question,Ground Truth,Predicted,Correct,F1,EM,Reason,Rate1_Predicted,Rate1_Correct,Rate1_F1,Rate1_EM,Rate1_Reason
What is the network which National Cycle Route 57 is part of an example of?,What network is National Cycle Route 57 part of?,National Cycle Route 57 is part of the United Kingdom's National Cycle Network (NCN).,National Cycle Network,True,0.23529411764705882,0.0,"预测答案""National Cycle Network""完整包含了标准答案中的核心关键信息，即国家自行车网络。虽然预测答案省略了""United Kingdom's""这一限定词，但问题本身询问的是所属网络名称，而""National Cycle Network""正是英国国家自行车网络的专有名称，在语义上与标准答案完全等价。这种措辞上的简化并不影响答案的准确性和完整性，因为该网络名称在全球范围内具有明确的指代性。",National Cycle Network,True,0.23529411764705882,0.0,"预测答案""National Cycle Network""完整包含了标准答案中的核心关键信息，即国家自行车网络。虽然预测答案省略了""United Kingdom's""这一限定词，但问题本身询问的是所属网络名称，而""National Cycle Network""正是英国国家自行车网络的专有名称，在语义上与标准答案完全等价。这种措辞上的简化并不影响答案的准确性和完整性，因为该网络名称在全球范围内具有明确的指代性。"
What district is the headquarter of Julia's House located?,Where is the headquarters of Julia's House located?,"Corfe Mullen, Dorset, England","18 Corfe Mullen, Corfe Mullen, Dorset, England",True,0.7000000000000001,0.0,"预测答案“18 Corfe Mullen, Corfe Mullen, Dorset, England”完全包含了标准答案“Corfe Mullen, Dorset, England”的所有关键信息，并在语义上等价。虽然预测答案提供了更具体的地址细节（如门牌号18），但这不仅没有偏离标准答案的核心内容，反而在保持意思一致的基础上增加了精确性。因此，预测答案正确地回答了问题，符合允许措辞细微差异的判断标准。","Corfe Mullen, Dorset, England",True,1.0,1.0,"预测答案“Corfe Mullen, Dorset, England”与标准答案完全一致，不仅包含了所有关键信息（具体地点、郡县和国家），而且在语义上完全等价，没有任何信息缺失或歧义。措辞上完全相同，确保了意思的精确匹配，因此可以明确判定为正确回答了问题。"
What body of water includes the terrain feature where Coffee Swamp is located?,Where is Coffee Swamp located?,"Coffee Swamp is located on the northern edge of Washington Island, in Door County, Wisconsin.","Coffee Swamp is located on the northern edge of Washington Island, in Door County Wisconsin and is a designated state natural area since 1994.",True,0.7000000000000001,0.0,"预测答案完整包含了标准答案的所有关键信息，即“Coffee Swamp is located on the northern edge of Washington Island, in Door County, Wisconsin”，语义上与标准答案完全等价。尽管预测答案额外补充了“is a designated state natural area since 1994”这一背景信息，但这并未影响核心位置描述的准确性，且措辞差异细微（如标点使用），整体意思保持一致，因此正确回答了问题。","Coffee Swamp is located on the northern edge of Washington Island, in Door County Wisconsin.",True,1.0,1.0,"预测答案与标准答案在语义上完全等价，都明确指出Coffee Swamp位于华盛顿岛北缘、威斯康星州多尔县。虽然标准答案中使用了逗号分隔“Door County, Wisconsin”，而预测答案省略了逗号，但这属于细微的措辞差异，不影响核心地理信息的准确性和一致性。关键信息“northern edge of Washington Island”和“Door County Wisconsin”均被完整保留，因此预测答案正确回答了问题。"
Who is the spouse of the child of Peter Andreas Heiberg?,Who is the child of Peter Andreas Heiberg?,Johan Ludvig Heiberg is the child of Peter Andreas Heiberg.,Johan Ludvig Heiberg,True,0.5714285714285715,0.0,预测答案“Johan Ludvig Heiberg”直接提供了标准答案中的核心信息，即彼得·安德烈亚斯·海贝尔格的孩子是谁。虽然预测答案省略了标准答案中的完整句子结构“Johan Ludvig Heiberg is the child of Peter Andreas Heiberg”，但两者在语义上完全等价，因为预测答案准确指出了具体人名，且没有添加任何无关或矛盾信息。根据判断标准，预测答案包含了关键信息，且措辞差异不影响意思的一致性，因此可以视为正确回答了问题。,Johan Ludvig Heiberg,True,0.5714285714285715,0.0,预测答案“Johan Ludvig Heiberg”直接提供了标准答案中的核心信息，即彼得·安德烈亚斯·海贝尔格的孩子是谁。虽然预测答案省略了标准答案中的完整句子结构“Johan Ludvig Heiberg is the child of Peter Andreas Heiberg”，但两者在语义上完全等价，因为预测答案准确指出了具体人名，且没有添加任何无关或矛盾信息。根据判断标准，预测答案包含了关键信息，且措辞差异不影响意思的一致性，因此可以视为正确回答了问题。
Who is the spouse of the child of Peter Andreas Heiberg?,Who is the spouse of Johan Ludvig Heiberg?,Johanne Luise Heiberg,Johanne Luise Heiberg,True,1.0,1.0,预测答案“Johanne Luise Heiberg”与标准答案完全一致，不仅包含了关键信息——即Johan Ludvig Heiberg的配偶姓名，而且在语义上完全等价，没有任何措辞差异。该答案准确无误地回应了问题，符合所有判断标准，因此可以明确判定为正确回答。,Johanne Luise Heiberg,True,1.0,1.0,预测答案“Johanne Luise Heiberg”与标准答案完全一致，不仅包含了关键信息——即Johan Ludvig Heiberg的配偶姓名，而且在语义上完全等价，没有任何措辞差异。该答案准确无误地回应了问题，符合所有判断标准，因此可以明确判定为正确回答。
"When was the sibling of Alice de Lusignan, Countess of Surrey crowned?","Who were the siblings of Alice de Lusignan, Countess of Surrey?","Alice de Lusignan had a uterine half-brother, King Henry III of England.",King Henry III of England,True,0.4799999999999999,0.0,预测答案“King Henry III of England”直接包含了标准答案的核心信息，即爱丽丝·德·吕西尼昂的同母异父兄弟是英格兰国王亨利三世。虽然预测答案省略了“uterine half-brother”这一具体关系描述，但通过直接给出人名，在语义上已明确指向了标准答案中的关键人物，且没有引入矛盾或额外信息。根据判断标准，允许措辞上的细微差异，只要意思保持一致即可，因此预测答案正确回答了问题。,King Henry III of England,True,0.4799999999999999,0.0,预测答案“King Henry III of England”直接包含了标准答案的核心信息，即爱丽丝·德·吕西尼昂的同母异父兄弟是英格兰国王亨利三世。虽然预测答案省略了“uterine half-brother”这一具体关系描述，但通过直接给出人名，在语义上已明确指向了标准答案中的关键人物，且没有引入矛盾或额外信息。根据判断标准，允许措辞上的细微差异，只要意思保持一致即可，因此预测答案正确回答了问题。
"When was the sibling of Alice de Lusignan, Countess of Surrey crowned?",When was King Henry III of England crowned?,Henry III was first crowned in 1216 at Gloucester Cathedral and had a second coronation on 17 May 1220 at Westminster Abbey.,1216 and 1220,True,0.4,0.0,预测答案“1216 and 1220”简洁地包含了标准答案中亨利三世加冕的两个关键年份，即1216年和1220年，这与标准答案中提到的“first crowned in 1216”和“second coronation on 17 May 1220”在语义上完全等价。尽管预测答案省略了具体地点和日期细节，但问题核心是询问加冕时间，预测答案准确提供了这两个年份，符合允许措辞差异且意思一致的标准，因此正确回答了问题。,1216 and 1220,True,0.4,0.0,预测答案“1216 and 1220”简洁地包含了标准答案中亨利三世加冕的两个关键年份，即1216年和1220年，这与标准答案中提到的“first crowned in 1216”和“second coronation on 17 May 1220”在语义上完全等价。尽管预测答案省略了具体地点和日期细节，但问题核心是询问加冕时间，预测答案准确提供了这两个年份，符合允许措辞差异且意思一致的标准，因此正确回答了问题。
Which university employed the person that Mach bands are named after?,Which university employed Ernst Mach?,Ernst Mach was employed at Charles University in Prague.,Charles University in Prague,True,0.625,0.0,预测答案“Charles University in Prague”直接提供了标准答案中的核心信息，即Ernst Mach所任职的大学名称和地点。虽然预测答案省略了“Ernst Mach was employed at”这一表述，但问题明确询问“哪所大学雇佣了Ernst Mach”，预测答案以简洁形式准确回应了这一点，语义上与标准答案完全等价，且关键信息无缺失或矛盾。因此，预测答案正确回答了问题。,Charles University in Prague,True,0.625,0.0,预测答案“Charles University in Prague”直接提供了标准答案中的核心信息，即Ernst Mach所任职的大学名称和地点。虽然预测答案省略了“Ernst Mach was employed at”这一表述，但问题明确询问“哪所大学雇佣了Ernst Mach”，预测答案以简洁形式准确回应了这一点，语义上与标准答案完全等价，且关键信息无缺失或矛盾。因此，预测答案正确回答了问题。
Who is the employer of the physicist who Mach number is named after?,Who is the physicist that the Mach number is named after?,The Mach number is named after the Austrian physicist and philosopher Ernst Mach.,Ernst Mach,True,0.2857142857142857,0.0,预测答案“Ernst Mach”直接提供了标准答案中的核心关键信息，即物理学家姓名。虽然标准答案更详细地说明了其国籍和身份（奥地利物理学家和哲学家），但预测答案在语义上与标准答案完全等价，因为问题仅询问“物理学家是谁”，而“Ernst Mach”正是该物理学家，且没有其他同名人物可能造成混淆。根据判断标准，预测答案已包含关键信息，且措辞差异不影响意思一致性，因此正确回答了问题。,Ernst Mach,True,0.2857142857142857,0.0,预测答案“Ernst Mach”直接提供了标准答案中的核心关键信息，即物理学家姓名。虽然标准答案更详细地说明了其国籍和身份（奥地利物理学家和哲学家），但预测答案在语义上与标准答案完全等价，因为问题仅询问“物理学家是谁”，而“Ernst Mach”正是该物理学家，且没有其他同名人物可能造成混淆。根据判断标准，预测答案已包含关键信息，且措辞差异不影响意思一致性，因此正确回答了问题。
Who is the employer of the physicist who Mach number is named after?,Who was Ernst Mach's employer or academic institution during his career?,Ernst Mach was a professor at Charles University in Prague.,Charles University in Prague,True,0.625,0.0,"预测答案""Charles University in Prague""直接提供了标准答案中的核心信息，即恩斯特·马赫的雇主或学术机构是布拉格的查理大学。虽然预测答案省略了""Ernst Mach was a professor at""这一表述，但问题明确询问的是雇主或机构名称，预测答案精准地给出了这一关键实体，与标准答案在语义上完全等价，且没有引入任何矛盾或额外信息，因此可以判定为正确回答了问题。",Charles University in Prague,True,0.625,0.0,"预测答案""Charles University in Prague""直接提供了标准答案中的核心信息，即恩斯特·马赫的雇主或学术机构是布拉格的查理大学。虽然预测答案省略了""Ernst Mach was a professor at""这一表述，但问题明确询问的是雇主或机构名称，预测答案精准地给出了这一关键实体，与标准答案在语义上完全等价，且没有引入任何矛盾或额外信息，因此可以判定为正确回答了问题。"
When did a storm disperse the fleet led by the English king who trusted William de Longchamp?,Which English king trusted William de Longchamp?,King Richard I of England,Richard I,True,0.5,0.0,预测答案“Richard I”与标准答案“King Richard I of England”在语义上完全等价，都指向同一位历史人物。虽然预测答案省略了“King”和“of England”这些修饰词，但“Richard I”在英语历史语境中通常特指英格兰国王理查一世，其关键身份信息已明确涵盖。这种措辞差异不影响答案的准确性，且核心内容与标准答案一致，因此正确回答了问题。,Richard I,True,0.5,0.0,预测答案“Richard I”与标准答案“King Richard I of England”在语义上完全等价，都指向同一位历史人物。虽然预测答案省略了“King”和“of England”这些修饰词，但“Richard I”在英语历史语境中通常特指英格兰国王理查一世，其关键身份信息已明确涵盖。这种措辞差异不影响答案的准确性，且核心内容与标准答案一致，因此正确回答了问题。
When did a storm disperse the fleet led by the English king who trusted William de Longchamp?,What specific naval expedition or fleet did King Richard I lead that was dispersed by a storm?,"King Richard I led a large fleet from Messina to Acre in April 1191, which was dispersed by a storm.","Richard the Lion-hearted left Messina with a large fleet in April 1191 in order to reach Acre, but a storm dispersed the fleet.",True,0.6530612244897959,0.0,明确指出是理查一世（即狮心王）于1191年4月率领一支大型舰队从墨西拿出发前往阿卡，并且舰队在途中被风暴驱散。尽管预测答案在措辞上略有调整（如使用“理查狮心王”和补充了“为了抵达阿卡”这一目的），但其核心事实（人物、时间、地点、事件及结果）与标准答案完全一致，语义上完全等价，没有出现信息矛盾或缺失。因此，预测答案正确回答了问题。,Richard the Lion-hearted's fleet to reach Acre,True,0.25806451612903225,0.0,预测答案“Richard the Lion-hearted's fleet to reach Acre”与标准答案在语义上完全等价，因为“Richard the Lion-hearted”是国王理查一世的别称，而“fleet to reach Acre”准确描述了从墨西拿前往阿卡的海军远征，且标准答案中明确指出舰队在风暴中分散，预测答案虽未直接提及风暴，但通过上下文可推断其指代同一事件，关键信息一致且无矛盾。
The Unwinding author volunteered for which organisation?,Who is the author of The Unwinding?,George Packer,George Packer,True,1.0,1.0,预测答案“George Packer”与标准答案完全一致，不仅包含了关键信息，而且在语义上完全等价，没有任何措辞差异。这直接准确地回答了问题“Who is the author of The Unwinding?”，表明预测答案正确识别了该书的作者身份，符合所有判断标准，无需进一步解释或修正。,George Packer,True,1.0,1.0,预测答案“George Packer”与标准答案完全一致，不仅包含了关键信息，而且在语义上完全等价，没有任何措辞差异。这直接准确地回答了问题“Who is the author of The Unwinding?”，表明预测答案正确识别了该书的作者身份，符合所有判断标准，无需进一步解释或修正。
The Unwinding author volunteered for which organisation?,Which organization did George Packer volunteer for?,Peace Corps,Peace Corps,True,1.0,1.0,预测答案“Peace Corps”与标准答案完全一致，不仅包含了关键信息，而且在语义上完全等价。该答案直接、准确地指出了乔治·帕克曾志愿服务的组织名称，没有任何措辞差异或信息缺失，完全符合问题要求。因此，预测答案正确地回答了问题，无需任何修改或补充。,Peace Corps,True,1.0,1.0,预测答案“Peace Corps”与标准答案完全一致，不仅包含了关键信息，而且在语义上完全等价。该答案直接、准确地指出了乔治·帕克曾志愿服务的组织名称，没有任何措辞差异或信息缺失，完全符合问题要求。因此，预测答案正确地回答了问题，无需任何修改或补充。
Who is the lead singer of the band performing Bang Bang Rock & Roll?,Which band performed the song 'Bang Bang Rock & Roll'?,The song 'Bang Bang Rock & Roll' was performed by the British rock band Art Brut.,Art Brut,True,0.15384615384615385,0.0,预测答案“Art Brut”直接提供了标准答案中的核心信息，即演唱歌曲“Bang Bang Rock & Roll”的乐队名称。虽然预测答案省略了标准答案中关于乐队国籍和风格的描述（如“British rock band”），但问题仅询问“哪个乐队演唱了这首歌”，因此乐队名称本身已足够准确回答。预测答案与标准答案在语义上完全等价，且措辞差异不影响关键信息的正确性，符合判断标准。,Art Brut,True,0.15384615384615385,0.0,预测答案“Art Brut”直接提供了标准答案中的核心信息，即演唱歌曲“Bang Bang Rock & Roll”的乐队名称。虽然预测答案省略了标准答案中关于乐队国籍和风格的描述（如“British rock band”），但问题仅询问“哪个乐队演唱了这首歌”，因此乐队名称本身已足够准确回答。预测答案与标准答案在语义上完全等价，且措辞差异不影响关键信息的正确性，符合判断标准。
Who is the lead singer of the band performing Bang Bang Rock & Roll?,Who is the lead singer of the band Art Brut?,Eddie Argos,Eddie Argos,True,1.0,1.0,预测答案“Eddie Argos”与标准答案完全一致，不仅包含了关键信息，而且在语义上完全等价，没有任何措辞差异。这直接准确地回答了关于Art Brut乐队主唱身份的问题，符合所有判断标准，因此是正确的。,Eddie Argos,True,1.0,1.0,预测答案“Eddie Argos”与标准答案完全一致，不仅包含了关键信息，而且在语义上完全等价，没有任何措辞差异。这直接准确地回答了关于Art Brut乐队主唱身份的问题，符合所有判断标准，因此是正确的。
What company did the company that initiated a successful price war among PC manufacturers in 1994 merge with in 2002?,Which company initiated a successful price war among PC manufacturers in 1994?,Compaq initiated a successful price war among PC manufacturers in 1994.,Compaq,True,0.13333333333333333,0.0,"预测答案""Compaq""直接提供了标准答案中的核心实体，即发起价格战的公司名称。虽然预测答案比标准答案更简洁，但它在语义上完全等价，因为标准答案的关键信息就是""Compaq""这一主体。预测答案准确抓住了问题的核心——询问哪家公司，因此正确回答了问题，符合所有判断标准。",Compaq,True,0.13333333333333333,0.0,"预测答案""Compaq""直接提供了标准答案中的核心实体，即发起价格战的公司名称。虽然预测答案比标准答案更简洁，但它在语义上完全等价，因为标准答案的关键信息就是""Compaq""这一主体。预测答案准确抓住了问题的核心——询问哪家公司，因此正确回答了问题，符合所有判断标准。"
What company did the company that initiated a successful price war among PC manufacturers in 1994 merge with in 2002?,Which company did Compaq merge with in 2002?,Hewlett Packard,Hewlett-Packard,True,0.4444444444444445,0.0,"预测答案""Hewlett-Packard""与标准答案""Hewlett Packard""在语义上完全等价，两者均指代同一家科技公司（HP）。尽管存在连字符的细微拼写差异，但这属于常见的公司名称变体，不影响核心信息的准确性。预测答案明确包含了关键信息""惠普公司""，正确反映了2002年康柏与惠普合并的历史事实，符合语义一致性和信息完整性的要求。",Hewlett Packard,True,1.0,1.0,预测答案“Hewlett Packard”与标准答案完全一致，不仅包含了关键信息，而且在语义上完全等价，没有任何措辞差异。这直接准确地回答了关于康柏公司在2002年合并对象的问题，符合所有判断标准，包括信息完整性和语义一致性。
What year was the father of Katherine of England crowned?,Who is Katherine of England?,"Katherine of England was the fifth child of King Henry III and Eleanor of Provence. She was born on 25 November 1253, was either deaf-mute or deaf and mentally challenged, was very sickly, possibly had a degenerative disease, and died at Windsor on 3 May 1257 before reaching her fourth year.","Katherine of England was the fifth child of Henry III and his wife, Eleanor of Provence. She was born either a deaf-mute or just deaf and mentally challenged and was very sickly. She possibly had a degenerative disease, did not survive her fourth year and died at Windsor.",True,0.7438016528925621,0.0,凯瑟琳是亨利三世和普罗旺斯的埃莉诺的第五个孩子，天生聋哑或仅耳聋且智力障碍，体弱多病，可能患有退行性疾病，未满四岁便在温莎去世。尽管措辞略有调整（如“did not survive her fourth year”替代“died before reaching her fourth year”），但语义完全等价，核心事实（出生背景、健康状况、早夭）均保持一致，无信息遗漏或矛盾。,"Katherine of England was the fifth child of Henry III and his wife, Eleanor of Provence. She was born either a deaf-mute or just deaf and mentally challenged and was very sickly. She possibly had a degenerative disease, did not survive her fourth year and died at Windsor.",True,0.7438016528925621,0.0,凯瑟琳是亨利三世和普罗旺斯的埃莉诺的第五个孩子，天生聋哑或仅耳聋且智力障碍，体弱多病，可能患有退行性疾病，未满四岁便在温莎去世。尽管措辞略有调整（如“did not survive her fourth year”替代“died before reaching her fourth year”），但语义完全等价，核心事实（出生背景、健康状况、早夭）均保持一致，无信息遗漏或矛盾。
What year was the father of Katherine of England crowned?,What year was King Henry III of England crowned?,Henry III was first crowned in 1216 and had a second coronation in 1220.,1216,True,0.24000000000000002,0.0,"预测答案""1216""直接对应了标准答案中""first crowned in 1216""这一关键信息。虽然标准答案还提及了第二次加冕的1220年，但问题询问的是""King Henry III of England crowned""（英格兰国王亨利三世加冕的年份），预测答案准确提供了首次加冕的核心年份，在语义上与标准答案的部分关键信息完全等价，且未包含与标准答案相矛盾的内容。因此，预测答案正确回答了问题的主要部分。",1216 and 1220,True,0.5806451612903226,0.0,预测答案“1216 and 1220”完全包含了标准答案中的关键信息，即亨利三世在1216年首次加冕，并在1220年进行了第二次加冕。尽管预测答案以简洁的数字形式呈现，省略了具体描述，但其语义与标准答案完全等价，准确回答了问题所询问的加冕年份。这种措辞差异不影响核心信息的传递，因此预测答案正确。
Who is the sibling of the actress that played the little girl in Miracle on 34th street 1947?,Who played the little girl in the 1947 film Miracle on 34th Street?,"Natalie Wood played the little girl, Susan Walker, in the 1947 film Miracle on 34th Street.",Natalie Wood,True,0.16666666666666669,0.0,预测答案“Natalie Wood”完全包含了标准答案中的核心关键信息，即演员的名字。虽然预测答案省略了角色名“Susan Walker”和电影细节，但问题明确询问的是“谁扮演了小女孩”，因此直接提供演员姓名已足够准确回答。在语义上，预测答案与标准答案的关键部分完全等价，且措辞差异不影响意思的一致性，符合判断标准。,Natalie Wood,True,0.16666666666666669,0.0,预测答案“Natalie Wood”完全包含了标准答案中的核心关键信息，即演员的名字。虽然预测答案省略了角色名“Susan Walker”和电影细节，但问题明确询问的是“谁扮演了小女孩”，因此直接提供演员姓名已足够准确回答。在语义上，预测答案与标准答案的关键部分完全等价，且措辞差异不影响意思的一致性，符合判断标准。
Who is the sibling of the actress that played the little girl in Miracle on 34th street 1947?,Who is the sibling of actress Natalie Wood?,Lana Wood is the sibling of actress Natalie Wood.,Natalie Wood's sister is Lana Wood.,True,0.47058823529411764,0.0,预测答案明确指出了娜塔莉·伍德的姐妹是拉娜·伍德，这与标准答案中“拉娜·伍德是女演员娜塔莉·伍德的兄弟姐妹”的关键信息完全一致。尽管措辞略有不同，例如预测答案使用了“姐妹”而非“兄弟姐妹”，但“姐妹”是“兄弟姐妹”的具体化表达，在语义上完全等价，且没有引入任何矛盾或额外信息。因此，预测答案正确回答了问题，符合所有判断标准。,Lana Wood,True,0.33333333333333337,0.0,预测答案“Lana Wood”直接提供了标准答案中的核心信息，即娜塔莉·伍德的姐妹姓名。虽然预测答案省略了标准答案中“is the sibling of actress Natalie Wood”这一完整表述，但它在语义上完全等价，因为“Lana Wood”这一专有名词已明确指向目标人物，且措辞差异不影响关键信息的准确性。根据判断标准，预测答案简洁地包含了标准答案的关键要素，无需额外修饰即可正确回答问题。
What is the capital of the county that Pine Springs is located in?,In which county is Pine Springs located?,"Culberson County, Texas",Culberson County,True,0.8571428571428571,0.0,"预测答案“Culberson County”完整包含了标准答案“Culberson County, Texas”中的核心关键信息——县名“Culberson County”。虽然省略了州名“Texas”，但问题仅询问“位于哪个县”，预测答案直接且准确地提供了县级行政区划名称，在语义上与标准答案的县级部分完全等价，且未引入错误或歧义，符合允许措辞细微差异的判断标准。",Culberson County,True,0.8571428571428571,0.0,"预测答案“Culberson County”完整包含了标准答案“Culberson County, Texas”中的核心关键信息——县名“Culberson County”。虽然省略了州名“Texas”，但问题仅询问“位于哪个县”，预测答案直接且准确地提供了县级行政区划名称，在语义上与标准答案的县级部分完全等价，且未引入错误或歧义，符合允许措辞细微差异的判断标准。"
What is the capital of the county that Pine Springs is located in?,"What is the county seat of Culberson County, Texas?",Van Horn,Pine Springs,False,0,0.0,预测答案“Pine Springs”与标准答案“Van Horn”在语义上完全不匹配，两者指的是不同的地点。Culberson County的县治确实是Van Horn，而Pine Springs只是该县内的一个社区，并非行政中心。预测答案未能包含标准答案的关键信息，也不存在语义等价或措辞上的细微差异，因此无法正确回答问题。,Pine Springs,False,0,0.0,预测答案“Pine Springs”与标准答案“Van Horn”在语义上完全不匹配，两者指的是不同的地点。Culberson County的县治确实是Van Horn，而Pine Springs只是该县内的一个社区，并非行政中心。预测答案未能包含标准答案的关键信息，也不存在语义等价或措辞上的细微差异，因此无法正确回答问题。
"In 2002, what company merged with the top PC manufacturer from 1994?",Who was the top PC manufacturer in 1994?,Compaq was the top PC manufacturer in 1994.,Compaq,True,0.16666666666666669,0.0,预测答案“Compaq”直接提供了标准答案中的核心实体，即1994年顶级PC制造商的具体名称。虽然预测答案省略了标准答案中的完整陈述句式，但它在语义上完全等价，因为“Compaq”这一关键信息已足以准确回答问题。根据评估标准，允许措辞上的细微差异，只要意思保持一致即可，因此预测答案正确且简洁地回应了问题。,Compaq,True,0.16666666666666669,0.0,预测答案“Compaq”直接提供了标准答案中的核心实体，即1994年顶级PC制造商的具体名称。虽然预测答案省略了标准答案中的完整陈述句式，但它在语义上完全等价，因为“Compaq”这一关键信息已足以准确回答问题。根据评估标准，允许措辞上的细微差异，只要意思保持一致即可，因此预测答案正确且简洁地回应了问题。
"In 2002, what company merged with the top PC manufacturer from 1994?",What company did Compaq merge with in 2002?,Compaq merged with Hewlett Packard (HP) in 2002.,Hewlett-Packard,True,0.2,0.0,预测答案“Hewlett-Packard”直接提供了标准答案中的核心信息，即康柏公司在2002年合并的对象是惠普公司。尽管预测答案省略了“Compaq merged with”和年份等上下文，但问题明确询问的是“与哪家公司合并”，因此仅回答公司名称已足够。语义上，“Hewlett-Packard”与标准答案中的“Hewlett Packard (HP)”完全等价，仅存在连字符和缩写等细微格式差异，不影响关键信息的准确性。这符合评估标准中允许措辞差异的要求。,Hewlett Packard,True,0.4210526315789474,0.0,预测答案“Hewlett Packard”直接提供了标准答案中的核心信息，即康柏公司在2002年合并的对象是惠普公司。虽然预测答案省略了“Compaq merged with”和年份等背景描述，但问题明确询问的是“什么公司”，因此仅回答公司名称已完整覆盖关键信息，语义上与标准答案完全等价，符合允许措辞差异的判断标准。
"In the King's Speech, who played the person who was the King of England in 1950?",Who was the King of England in 1950?,George VI was the King of the United Kingdom in 1950.,George VI,True,0.2666666666666667,0.0,预测答案“George VI”完全包含了标准答案“George VI was the King of the United Kingdom in 1950”中的核心关键信息，即乔治六世在1950年是英国国王。尽管预测答案在措辞上更简洁，省略了“was the King of the United Kingdom in 1950”这一描述，但它在语义上与标准答案完全等价，因为问题直接询问“1950年英格兰国王是谁”，而乔治六世正是这一时期的君主。这种简洁回答并未改变事实本质，因此符合判断标准，应视为正确。,George VI,True,0.2666666666666667,0.0,预测答案“George VI”完全包含了标准答案“George VI was the King of the United Kingdom in 1950”中的核心关键信息，即乔治六世在1950年是英国国王。尽管预测答案在措辞上更简洁，省略了“was the King of the United Kingdom in 1950”这一描述，但它在语义上与标准答案完全等价，因为问题直接询问“1950年英格兰国王是谁”，而乔治六世正是这一时期的君主。这种简洁回答并未改变事实本质，因此符合判断标准，应视为正确。
"In the King's Speech, who played the person who was the King of England in 1950?",Which actor played King George VI in the film 'The King's Speech'?,Colin Firth,Colin Firth,True,1.0,1.0,预测答案“Colin Firth”完全符合标准答案，不仅包含了关键信息，而且在语义上与标准答案完全等价，没有任何措辞差异。该答案准确指出了在电影《国王的演讲》中饰演乔治六世国王的演员，直接回应了问题核心，信息准确无误，因此正确回答了问题。,Colin Firth,True,1.0,1.0,预测答案“Colin Firth”完全符合标准答案，不仅包含了关键信息，而且在语义上与标准答案完全等价，没有任何措辞差异。该答案准确指出了在电影《国王的演讲》中饰演乔治六世国王的演员，直接回应了问题核心，信息准确无误，因此正确回答了问题。
Whose sister played Susie in miracle on 34th street?,Who played Susie in Miracle on 34th Street?,Natalie Wood played Susan Walker in Miracle on 34th Street.,Natalie Wood,True,0.25,0.0,预测答案“Natalie Wood”直接提供了标准答案中的核心信息，即演员的名字。虽然预测答案省略了角色全名“Susan Walker”和电影名称“Miracle on 34th Street”，但问题明确询问的是“谁扮演了Susie”，而“Susie”是角色“Susan Walker”的简称，因此预测答案在语义上与标准答案等价，准确回答了问题。允许措辞差异下，关键信息一致，无需额外细节即可满足查询意图。,Natalie Wood,True,0.25,0.0,预测答案“Natalie Wood”直接提供了标准答案中的核心信息，即演员的名字。虽然预测答案省略了角色全名“Susan Walker”和电影名称“Miracle on 34th Street”，但问题明确询问的是“谁扮演了Susie”，而“Susie”是角色“Susan Walker”的简称，因此预测答案在语义上与标准答案等价，准确回答了问题。允许措辞差异下，关键信息一致，无需额外细节即可满足查询意图。
Whose sister played Susie in miracle on 34th street?,Who is Natalie Wood's brother?,Natalie Wood's sister is Lana Wood. The documents do not mention a brother.,"Five Finger Exercise: The film stars Rosalind Russell, Jack Hawkins, Richard Beymer, Maximilian Schell, and Annette Gorman, with an early screen appearance from Lana Wood, the sister of Natalie Wood.",False,0.1923076923076923,0.0,"预测答案虽然提到了“Lana Wood, the sister of Natalie Wood”，但它并未直接回答“Natalie Wood's brother”这一问题。标准答案明确指出文档未提及兄弟，并转而提供了姐妹的信息，而预测答案则是在描述电影演员阵容时附带提及了姐妹关系，这属于间接且不完整的回应。预测答案未能明确说明“没有兄弟”这一关键点，也未直接针对问题给出清晰结论，因此不符合语义等价的要求。","Lana Wood, the sister of Natalie Wood.",True,0.4,0.0,"预测答案虽然直接回答了“Lana Wood, the sister of Natalie Wood”，但问题询问的是“brother”（兄弟），而标准答案明确指出文档未提及兄弟，并补充了姐妹信息。预测答案通过提供姐妹的姓名，间接且准确地传达了“没有兄弟”这一核心信息，语义上与标准答案等价，即纠正了问题的前提并给出了相关事实，符合允许措辞差异但意思一致的标准。"
What team was Anna Benson's husband on?,Who is Anna Benson's husband?,"Kris Benson, a former Major League Baseball pitcher.",Kris Benson,True,0.5454545454545454,0.0,"预测答案""Kris Benson""完全包含了标准答案中的核心关键信息，即Anna Benson的丈夫姓名。虽然预测答案省略了""a former Major League Baseball pitcher""这一背景描述，但该部分属于补充信息而非回答问题的必要成分。在语义上，预测答案与标准答案的主体部分完全等价，都准确指出了人物身份，且这种简洁表述在常见问答场景中是可接受的。因此，预测答案正确回答了问题。",Kris Benson,True,0.5454545454545454,0.0,"预测答案""Kris Benson""完全包含了标准答案中的核心关键信息，即Anna Benson的丈夫姓名。虽然预测答案省略了""a former Major League Baseball pitcher""这一背景描述，但该部分属于补充信息而非回答问题的必要成分。在语义上，预测答案与标准答案的主体部分完全等价，都准确指出了人物身份，且这种简洁表述在常见问答场景中是可接受的。因此，预测答案正确回答了问题。"
What team was Anna Benson's husband on?,What team did Kris Benson play for in Major League Baseball?,"Kris Benson played for the Pittsburgh Pirates, New York Mets, and Baltimore Orioles.","Pittsburgh Pirates, New York Mets, and the Baltimore Orioles",True,0.8125000000000001,0.0,"匹兹堡海盗队、纽约大都会队和巴尔的摩金莺队，与标准答案的关键信息完全一致。尽管在措辞上存在细微差异（如使用了""the""和标点符号的不同），但球队名称和顺序均正确，语义上与标准答案等价，准确回答了问题。","Pittsburgh Pirates, New York Mets, and the Baltimore Orioles",True,0.8125000000000001,0.0,"匹兹堡海盗队、纽约大都会队和巴尔的摩金莺队，与标准答案的关键信息完全一致。尽管在措辞上存在细微差异（如使用了""the""和标点符号的不同），但球队名称和顺序均正确，语义上与标准答案等价，准确回答了问题。"
What is the record label for the singer who originally sang You Belong To Me.,Who originally sang the song You Belong To Me?,Joni James,Joni James,True,1.0,1.0,预测答案“Joni James”与标准答案完全一致，不仅包含了关键信息，而且在语义上完全等价，没有任何措辞差异。该歌曲最初由美国歌手Joni James于1952年录制并发行，预测答案准确指出了原唱者，因此正确回答了问题。这符合所有判断标准，包括信息完整性和语义一致性。,Joni James,True,1.0,1.0,预测答案“Joni James”与标准答案完全一致，不仅包含了关键信息，而且在语义上完全等价，没有任何措辞差异。该歌曲最初由美国歌手Joni James于1952年录制并发行，预测答案准确指出了原唱者，因此正确回答了问题。这符合所有判断标准，包括信息完整性和语义一致性。
What is the record label for the singer who originally sang You Belong To Me.,What record label was Joni James signed to when she released 'You Belong To Me' in 1952?,MGM Records,M-G-M Records,True,1.0,1.0,预测答案“M-G-M Records”与标准答案“MGM Records”在语义上完全等价，因为“M-G-M”是“Metro-Goldwyn-Mayer”的缩写形式，与“MGM”指代同一家唱片公司。在音乐产业和历史语境中，这两种写法常被互换使用，都明确指向同一实体。预测答案准确包含了标准答案的关键信息，即Joni James当时所属的唱片公司，且措辞差异属于可接受的细微变化，不影响答案的正确性。,Sharp Records,False,0.6666666666666666,0.0,预测答案“Sharp Records”与标准答案“MGM Records”在关键信息上完全不一致，两者代表不同的唱片公司，没有任何语义上的等价性。Joni James在1952年发行“You Belong To Me”时确实签约于MGM Records，而Sharp Records并非相关历史记录，因此预测答案未能正确回答问题，属于事实性错误。
When did the crowning of the person under whom the Chapter House was built happen?,Who was the person under whom the Chapter House was built?,Henry III,Henry III,True,1.0,1.0,预测答案“Henry III”与标准答案完全一致，不仅包含了关键信息，而且在语义上完全等价。该答案直接准确地指出了建造Chapter House的人物是亨利三世，没有任何措辞差异或信息缺失，完全符合问题所要求的核心事实。因此，预测答案正确回答了问题，无需进一步解释或补充。,Henry III,True,1.0,1.0,预测答案“Henry III”与标准答案完全一致，不仅包含了关键信息，而且在语义上完全等价。该答案直接准确地指出了建造Chapter House的人物是亨利三世，没有任何措辞差异或信息缺失，完全符合问题所要求的核心事实。因此，预测答案正确回答了问题，无需进一步解释或补充。
When did the crowning of the person under whom the Chapter House was built happen?,When was Henry III crowned?,"Henry III was first crowned in 1216 at Gloucester Cathedral, and then again at Westminster Abbey in 1220.",1216 and 1220,True,0.4615384615384615,0.0,预测答案“1216 and 1220”简洁地包含了标准答案中的关键信息，即亨利三世加冕的两个年份。虽然预测答案省略了具体地点（格洛斯特大教堂和威斯敏斯特教堂）以及“首次”等细节，但问题核心是询问加冕时间，预测答案在语义上与标准答案等价，准确提供了两个关键年份，符合允许措辞差异的判断标准。因此，预测答案正确回答了问题。,1216 and 1220,True,0.4615384615384615,0.0,预测答案“1216 and 1220”简洁地包含了标准答案中的关键信息，即亨利三世加冕的两个年份。虽然预测答案省略了具体地点（格洛斯特大教堂和威斯敏斯特教堂）以及“首次”等细节，但问题核心是询问加冕时间，预测答案在语义上与标准答案等价，准确提供了两个关键年份，符合允许措辞差异的判断标准。因此，预测答案正确回答了问题。
What record label does the artist who sang you belong to me belong to?,Who sang the song 'You Belong to Me'?,Joni James sang the song 'You Belong to Me'.,Joni James,True,0.4,0.0,预测答案“Joni James”直接提供了标准答案中的核心信息，即演唱者姓名，与标准答案“Joni James sang the song 'You Belong to Me'”在语义上完全等价。虽然预测答案省略了歌曲名称和动词“sang”，但问题明确询问“谁演唱了歌曲‘You Belong to Me’”，因此仅回答演唱者姓名已足够准确，符合判断标准中的关键信息包含和语义等价要求，且无歧义或错误。,Joni James,True,0.4,0.0,预测答案“Joni James”直接提供了标准答案中的核心信息，即演唱者姓名，与标准答案“Joni James sang the song 'You Belong to Me'”在语义上完全等价。虽然预测答案省略了歌曲名称和动词“sang”，但问题明确询问“谁演唱了歌曲‘You Belong to Me’”，因此仅回答演唱者姓名已足够准确，符合判断标准中的关键信息包含和语义等价要求，且无歧义或错误。
What record label does the artist who sang you belong to me belong to?,What record label is Joni James signed to?,Joni James was signed to MGM Records.,M-G-M Records,True,0.4,0.0,预测答案“M-G-M Records”与标准答案“MGM Records”在语义上完全等价，两者均指代同一家唱片公司，仅存在拼写格式上的细微差异（连字符的使用）。预测答案准确包含了标准答案的关键信息，即Joni James签约的唱片公司名称，且意思保持一致，符合允许措辞差异的判断标准。因此，预测答案正确回答了问题。,M-G-M Records,True,0.4,0.0,预测答案“M-G-M Records”与标准答案“MGM Records”在语义上完全等价，两者均指代同一家唱片公司，仅存在拼写格式上的细微差异（连字符的使用）。预测答案准确包含了标准答案的关键信息，即Joni James签约的唱片公司名称，且意思保持一致，符合允许措辞差异的判断标准。因此，预测答案正确回答了问题。
What place does the administrative territorial entity that Juba is located in share a border with?,What is the administrative territorial entity that contains Juba?,Central Equatoria,The Citizen (South Sudan),False,0,0.0,预测答案“The Citizen (South Sudan)”与标准答案“Central Equatoria”在语义上完全不等价。标准答案明确指出朱巴所属的行政区域实体是“中赤道州”，这是一个地理行政区划；而预测答案“The Citizen”可能指代南苏丹的媒体或组织名称，并非行政实体，两者在关键信息上毫无关联，无法满足语义等价或包含核心信息的要求。,Central Equatoria,True,1.0,1.0,预测答案“Central Equatoria”与标准答案完全一致，直接提供了包含朱巴（Juba）的行政区域实体名称。该答案在关键信息、语义和措辞上均与标准答案等价，没有任何偏差或额外信息，准确回答了问题所指的行政区域。因此，预测答案正确反映了标准答案的内容，符合所有判断标准。
What place does the administrative territorial entity that Juba is located in share a border with?,What places share a border with Central Equatoria?,Eastern Equatoria shares a border with Central Equatoria.,The Badigeru Swamp and the Babassoua village share a border with Central Equatoria.,False,0.4166666666666667,0.0,预测答案中提到的“Badigeru Swamp”和“Babassoua village”并非标准答案中的关键信息，且这些地点与中赤道州（Central Equatoria）的边界关系缺乏地理依据。标准答案明确指出“Eastern Equatoria”与中赤道州接壤，这是南苏丹行政区划的公认事实。预测答案未能包含这一核心信息，语义上也不等价，反而引入了无关且可能错误的内容，因此无法正确回答问题。,"Badigeru Swamp, Terekeka, Lafon, and Gera woreda share a border with Central Equatoria.",False,0.33333333333333326,0.0,预测答案列举了Badigeru Swamp、Terekeka、Lafon和Gera woreda等具体地点，但这些名称并非南苏丹的官方行政区划，且与标准答案中的“Eastern Equatoria”在语义上不等价。标准答案明确指出与Central Equatoria接壤的是Eastern Equatoria这一州级区域，而预测答案中的地点可能属于局部小范围地点或存在表述错误，未能涵盖关键边界信息，因此无法正确回答问题。
Who played the monarch at the end of WW2 in The King's Speech?,Who played King George VI in The King's Speech?,Colin Firth,Colin Firth,True,1.0,1.0,预测答案“Colin Firth”与标准答案完全一致，准确无误地指出了在电影《国王的演讲》中饰演乔治六世国王的演员。该答案不仅包含了标准答案的所有关键信息，而且在语义上完全等价，没有任何措辞差异或额外补充，直接且明确地回答了问题，符合所有给定的判断标准。,Colin Firth,True,1.0,1.0,预测答案“Colin Firth”与标准答案完全一致，准确无误地指出了在电影《国王的演讲》中饰演乔治六世国王的演员。该答案不仅包含了标准答案的所有关键信息，而且在语义上完全等价，没有任何措辞差异或额外补充，直接且明确地回答了问题，符合所有给定的判断标准。
Who is the spouse of a cast member from King of the Mountain?,Who are the cast members of King of the Mountain?,The cast includes Harry Hamlin as Steve and Deborah Van Valkenburgh as Tina.,"Harry Hamlin, Deborah Van Valkenburgh",True,0.6206896551724138,0.0,预测答案虽然省略了角色信息，但完整列出了标准答案中提到的两位演员姓名——Harry Hamlin 和 Deborah Van Valkenburgh，这完全覆盖了标准答案的核心人物信息。在语义上，演员名单的列举与标准答案中“cast includes”的表述本质一致，且未引入错误或遗漏关键人物。尽管预测答案未提及角色名，但问题仅要求提供演员阵容成员，因此答案在关键信息上完全等价，符合允许措辞差异的判断标准。,"Harry Hamlin, Deborah Van Valkenburgh",True,0.6206896551724138,0.0,预测答案虽然省略了角色信息，但完整列出了标准答案中提到的两位演员姓名——Harry Hamlin 和 Deborah Van Valkenburgh，这完全覆盖了标准答案的核心人物信息。在语义上，演员名单的列举与标准答案中“cast includes”的表述本质一致，且未引入错误或遗漏关键人物。尽管预测答案未提及角色名，但问题仅要求提供演员阵容成员，因此答案在关键信息上完全等价，符合允许措辞差异的判断标准。
Who is the spouse of a cast member from King of the Mountain?,Who is Harry Hamlin's spouse?,Lisa Rinna,Debra Winger,False,0,0.0,预测答案“Debra Winger”与标准答案“Lisa Rinna”在语义上完全不一致，两者指的是不同的人物。Harry Hamlin的实际配偶是Lisa Rinna，他们于1997年结婚并维持婚姻关系至今，而Debra Winger与Harry Hamlin并无婚姻关联。因此，预测答案未能包含标准答案的关键信息，也不符合语义等价的要求，属于事实性错误。,Lisa Rinna,True,1.0,1.0,预测答案“Lisa Rinna”与标准答案完全一致，不仅包含了关键信息，而且在语义上完全等价。该答案直接准确地回答了关于Harry Hamlin配偶身份的问题，没有任何措辞差异或信息缺失，完全符合判断标准中的各项要求。
Who played king whose regal Name did Albert Adopt in the king's speech?,What was the regnal name adopted by King George VI?,Albert assumed the regnal name 'George VI'.,George VI,True,0.4,0.0,"预测答案""George VI""直接提供了问题所询问的国王采用的尊号，这与标准答案中""Albert assumed the regnal name 'George VI'""的核心信息完全一致。虽然预测答案省略了国王原名""Albert""和动词""assumed""等细节，但它准确抓住了问题的关键——即尊号本身。在语义上，两者都表明乔治六世是采用的尊号，且允许措辞差异下意思保持完全等价，因此预测答案正确回答了问题。",George VI,True,0.4,0.0,"预测答案""George VI""直接提供了问题所询问的国王采用的尊号，这与标准答案中""Albert assumed the regnal name 'George VI'""的核心信息完全一致。虽然预测答案省略了国王原名""Albert""和动词""assumed""等细节，但它准确抓住了问题的关键——即尊号本身。在语义上，两者都表明乔治六世是采用的尊号，且允许措辞差异下意思保持完全等价，因此预测答案正确回答了问题。"
Who played king whose regal Name did Albert Adopt in the king's speech?,Who played King George VI in the film 'The King's Speech'?,Colin Firth,Colin Firth,True,1.0,1.0,预测答案“Colin Firth”与标准答案完全一致，准确无误地指出了在电影《国王的演讲》中饰演国王乔治六世的演员。该答案不仅包含了标准答案的关键信息，而且在语义上完全等价，没有任何措辞差异或额外信息，直接且明确地回答了问题，符合所有判断标准。,Colin Firth,True,1.0,1.0,预测答案“Colin Firth”与标准答案完全一致，准确无误地指出了在电影《国王的演讲》中饰演国王乔治六世的演员。该答案不仅包含了标准答案的关键信息，而且在语义上完全等价，没有任何措辞差异或额外信息，直接且明确地回答了问题，符合所有判断标准。
What administrative territorial entity contains the place where KPRM is licensed to broadcast to?,Where is KPRM licensed to broadcast?,"Park Rapids, Minnesota","Park Rapids, Minnesota",True,1.0,1.0,"预测答案“Park Rapids, Minnesota”与标准答案完全一致，不仅包含了关键信息“Park Rapids, Minnesota”，而且在语义上完全等价，没有任何信息缺失或歧义。两者都明确指出KPRM的广播许可地点是明尼苏达州的帕克拉皮兹市，措辞上也无任何差异，因此预测答案正确回答了问题。","Park Rapids, Minnesota",True,1.0,1.0,"预测答案“Park Rapids, Minnesota”与标准答案完全一致，不仅包含了关键信息“Park Rapids, Minnesota”，而且在语义上完全等价，没有任何信息缺失或歧义。两者都明确指出KPRM的广播许可地点是明尼苏达州的帕克拉皮兹市，措辞上也无任何差异，因此预测答案正确回答了问题。"
What year did the author of Prince Prigio die?,Who is the author of Prince Prigio?,The author of Prince Prigio is Andrew Lang.,Andrew Lang,True,0.3636363636363636,0.0,预测答案“Andrew Lang”完全包含了标准答案“The author of Prince Prigio is Andrew Lang”中的关键信息，即作者姓名。两者在语义上完全等价，预测答案虽然省略了问题中的书名和描述性语句，但直接提供了核心答案，符合允许措辞差异的要求，意思保持一致，因此正确回答了问题。,Andrew Lang,True,0.3636363636363636,0.0,预测答案“Andrew Lang”完全包含了标准答案“The author of Prince Prigio is Andrew Lang”中的关键信息，即作者姓名。两者在语义上完全等价，预测答案虽然省略了问题中的书名和描述性语句，但直接提供了核心答案，符合允许措辞差异的要求，意思保持一致，因此正确回答了问题。
What year did the author of Prince Prigio die?,What year did Andrew Lang die?,Andrew Lang died in 1912.,1912,True,0.5,0.0,预测答案“1912”直接提供了标准答案“Andrew Lang died in 1912”中的核心信息，即安德鲁·朗去世的年份。尽管预测答案省略了完整句子结构，但它在语义上与标准答案完全等价，关键信息准确无误，符合允许措辞差异的判断标准，因此正确回答了问题。,1912,True,0.5,0.0,预测答案“1912”直接提供了标准答案“Andrew Lang died in 1912”中的核心信息，即安德鲁·朗去世的年份。尽管预测答案省略了完整句子结构，但它在语义上与标准答案完全等价，关键信息准确无误，符合允许措辞差异的判断标准，因此正确回答了问题。
In which county is Mark Dismore's birthplace located?,Where was Mark Dismore born?,"Greenfield, Indiana","1956 in Greenfield, Indiana",True,0.5454545454545454,0.0,"预测答案“1956 in Greenfield, Indiana”完整包含了标准答案“Greenfield, Indiana”的关键信息，即出生地点。尽管预测答案额外提供了出生年份“1956”，但这并未改变或偏离核心地理信息，在语义上与标准答案完全等价，符合允许措辞差异且意思一致的标准。因此，预测答案正确回答了问题。","Greenfield, Indiana",True,1.0,1.0,"预测答案“Greenfield, Indiana”与标准答案完全一致，不仅包含了关键信息“Greenfield, Indiana”这一出生地点，而且在语义上完全等价，没有任何措辞差异或信息缺失。这直接回答了问题中关于Mark Dismore出生地的询问，符合所有判断标准，包括信息完整性和语义一致性，因此可以明确认定为正确回答。"
In which county is Mark Dismore's birthplace located?,"Which county is Greenfield, Indiana located in?","Greenfield, Indiana is located in Hancock County.",Hancock County,True,0.1818181818181818,0.0,"预测答案“Hancock County”直接提供了标准答案中的核心信息，即格林菲尔德所在的县名。虽然预测答案省略了“Greenfield, Indiana is located in”这一背景描述，但其内容与标准答案的关键部分完全一致，在语义上等价，且没有引入任何矛盾或错误信息。这种简洁表达符合日常问答习惯，因此可以判定为正确回答了问题。",Hancock County,True,0.1818181818181818,0.0,"预测答案“Hancock County”直接提供了标准答案中的核心信息，即格林菲尔德所在的县名。虽然预测答案省略了“Greenfield, Indiana is located in”这一背景描述，但其内容与标准答案的关键部分完全一致，在语义上等价，且没有引入任何矛盾或错误信息。这种简洁表达符合日常问答习惯，因此可以判定为正确回答了问题。"
Who was the sibling of Nannina de' Medici?,Who were the parents of Nannina de' Medici?,Nannina de' Medici's parents were Piero di Cosimo de' Medici and Lucrezia Tornabuoni.,Piero de' Medici and Lucrezia Tornabuoni,True,0.6285714285714286,0.0,预测答案“Piero de' Medici and Lucrezia Tornabuoni”与标准答案“Piero di Cosimo de' Medici and Lucrezia Tornabuoni”在语义上完全等价。虽然预测答案省略了“di Cosimo”，但“Piero de' Medici”在历史语境中明确指代皮耶罗·迪·科西莫·德·美第奇，这是其常用简称，不影响关键信息的准确性。父母双方姓名均正确匹配，且无额外错误信息，因此预测答案正确回答了问题。,Piero di Cosimo de' Medici and Lucrezia Tornabuoni,True,0.7368421052631579,0.0,预测答案直接提供了Nannina de' Medici父母的具体姓名，即Piero di Cosimo de' Medici和Lucrezia Tornabuoni，这与标准答案中的关键信息完全一致。尽管预测答案省略了标准答案中的部分描述性措辞（如“Nannina de' Medici's parents were”），但其核心内容在语义上与标准答案等价，且没有添加或遗漏任何关键事实。根据评估标准，允许措辞上的细微差异，只要意思保持一致即可，因此预测答案正确回答了问题。
Who was the sibling of Nannina de' Medici?,"Based on Nannina de' Medici's parents Piero di Cosimo de' Medici and Lucrezia Tornabuoni, who were her siblings?",Nannina de' Medici's siblings were Lorenzo de' Medici and Giuliano de' Medici.,Lorenzo de' Medici,False,0.32000000000000006,0.0,预测答案只列出了兄弟姐妹中的一位（Lorenzo de' Medici），但标准答案明确指出兄弟姐妹包括 Lorenzo de' Medici 和 Giuliano de' Medici 两人。预测答案遗漏了 Giuliano de' Medici 这一关键信息，未能完整覆盖标准答案的全部内容，因此在语义上不等价，无法正确回答问题。,Lorenzo de' Medici,False,0.32000000000000006,0.0,预测答案只列出了兄弟姐妹中的一位（Lorenzo de' Medici），但标准答案明确指出兄弟姐妹包括 Lorenzo de' Medici 和 Giuliano de' Medici 两人。预测答案遗漏了 Giuliano de' Medici 这一关键信息，未能完整覆盖标准答案的全部内容，因此在语义上不等价，无法正确回答问题。
What county is the NRHEG High School located in?,Where is NRHEG High School located?,"NRHEG High School is located in New Richland, Minnesota.","New Richland, Minnesota",True,0.5,0.0,"预测答案“New Richland, Minnesota”完整包含了标准答案中的核心地理位置信息，即城市和州名，与标准答案“NRHEG High School is located in New Richland, Minnesota”在语义上完全等价。尽管预测答案省略了学校名称和部分句式，但问题询问的是学校位置，预测答案直接提供了关键地点，符合判断标准中的语义一致性和信息完整性要求，因此正确回答了问题。","New Richland, Minnesota",True,0.5,0.0,"预测答案“New Richland, Minnesota”完整包含了标准答案中的核心地理位置信息，即城市和州名，与标准答案“NRHEG High School is located in New Richland, Minnesota”在语义上完全等价。尽管预测答案省略了学校名称和部分句式，但问题询问的是学校位置，预测答案直接提供了关键地点，符合判断标准中的语义一致性和信息完整性要求，因此正确回答了问题。"
What county is the NRHEG High School located in?,"Which county is New Richland, Minnesota located in?","New Richland is located in Waseca County, Minnesota.",Waseca County,True,0.42857142857142855,0.0,预测答案“Waseca County”直接提供了标准答案中的核心信息，即新里奇兰所在的县名。虽然预测答案省略了“New Richland is located in”和“Minnesota”等背景描述，但问题明确询问的是县名，预测答案在语义上与标准答案的关键部分完全等价，且措辞简洁准确，符合判断标准中允许细微差异的要求。因此，预测答案正确回答了问题。,Waseca County,True,0.42857142857142855,0.0,预测答案“Waseca County”直接提供了标准答案中的核心信息，即新里奇兰所在的县名。虽然预测答案省略了“New Richland is located in”和“Minnesota”等背景描述，但问题明确询问的是县名，预测答案在语义上与标准答案的关键部分完全等价，且措辞简洁准确，符合判断标准中允许细微差异的要求。因此，预测答案正确回答了问题。
Who founded the political party of Dimuthu Bandara Abayakoon?,What is the name of the political party of Dimuthu Bandara Abayakoon?,Janatha Vimukthi Peramuna,Janatha Vimukthi Peramuna,True,1.0,1.0,预测答案“Janatha Vimukthi Peramuna”与标准答案完全一致，不仅包含了关键信息，而且在语义上完全等价，没有任何措辞差异。这直接准确地回答了关于Dimuthu Bandara Abayakoon所属政党名称的问题，符合所有判断标准，包括信息完整性和语义一致性。因此，可以明确判定预测答案正确无误地回应了问题。,United People's Freedom Alliance,False,0,0.0,预测答案“United People's Freedom Alliance”与标准答案“Janatha Vimukthi Peramuna”在语义上完全不同，两者代表斯里兰卡不同的政治党派，前者是统一人民自由联盟，后者是人民解放阵线，它们并非同一政党的不同表述或别名，因此预测答案未能正确回答Dimuthu Bandara Abayakoon所属政党的名称。
Who founded the political party of Dimuthu Bandara Abayakoon?,Who founded the Janatha Vimukthi Peramuna political party?,The Janatha Vimukthi Peramuna was founded by Rohana Wijeweera.,Patabendi Don Jinadasa Nandasiri Wijeweera,True,0.20689655172413793,0.0,预测答案“Patabendi Don Jinadasa Nandasiri Wijeweera”与标准答案“Rohana Wijeweera”在语义上完全等价，因为两者指向同一人物。Rohana Wijeweera是该创始人的常用名，而预测答案提供了其全名，包含了标准答案的关键信息“Wijeweera”作为核心标识。这种措辞差异属于细微变化，不影响意思的一致性，都正确回答了政党创始人的问题。,"Patabendi Don Jinadasa Nandasiri Wijeweera, known as Rohana Wijeweera.",True,0.2777777777777778,0.0,"预测答案明确指出了“Patabendi Don Jinadasa Nandasiri Wijeweera, known as Rohana Wijeweera”是创始人，这与标准答案“Rohana Wijeweera”在语义上完全等价。预测答案不仅包含了标准答案的关键信息（Rohana Wijeweera），还提供了其全名作为补充，这并未改变核心事实，反而增强了准确性。措辞上的差异（如全名与常用名的区别）不影响意思的一致性，因此预测答案正确回答了问题。"
When did military instruction start at the place where Larry Alcala was educated?,Where did Larry Alcala study?,"Larry Alcala estudió en la Universidad de Filipinas, donde obtuvo un título de Licenciado en Bellas Artes en Pintura.",University of the Philippines,True,0,0.0,预测答案“University of the Philippines”与标准答案中的“Universidad de Filipinas”在语义上完全等价，后者是西班牙语对菲律宾大学的直接翻译。标准答案的关键信息是拉里·阿尔卡拉在菲律宾大学学习，预测答案准确提取了这一核心内容，尽管省略了学位细节，但问题仅询问学习地点，因此预测答案正确回答了问题，且意思与标准答案保持一致。,University of the Philippines,True,0,0.0,预测答案“University of the Philippines”与标准答案中的“Universidad de Filipinas”在语义上完全等价，后者是西班牙语对菲律宾大学的直接翻译。标准答案的关键信息是拉里·阿尔卡拉在菲律宾大学学习，预测答案准确提取了这一核心内容，尽管省略了学位细节，但问题仅询问学习地点，因此预测答案正确回答了问题，且意思与标准答案保持一致。
When did military instruction start at the place where Larry Alcala was educated?,When did military instruction begin at the University of the Philippines?,Military instruction began at the University of the Philippines in 1912.,1912,True,0.375,0.0,预测答案“1912”完全包含了标准答案中的关键信息，即军事训练在菲律宾大学开始的年份。虽然预测答案在表述上比标准答案更简洁，但两者在语义上完全等价，都准确指出了1912年这一具体时间点，没有出现任何矛盾或额外信息偏差。因此，预测答案正确回答了问题，符合所有判断标准。,3 July 1922,False,0.4,0.0,预测答案“3 July 1922”与标准答案“1912”在年份上存在明显差异，这表示两者在关键时间信息上不一致。虽然预测答案提供了具体的日期，但标准答案仅提及年份，且1912年与1922年相差十年，这不符合语义等价的要求。因此，预测答案未能正确回答关于军事指导在菲律宾大学开始时间的问题。
What county shares a border with Cedar Springs?,Where is Cedar Springs located?,"Cedar Springs is an unincorporated community in west Falls County, Texas, United States, located on Farm-to-market road #2027.","Cedar Springs is an unincorporated community in west Falls County, Texas, United States. It is located on Farm-to-market road #2027.",True,0.962962962962963,0.0,明确指出Cedar Springs是德克萨斯州福尔斯县西部的一个非建制社区，并具体说明其位于Farm-to-market road #2027。尽管预测答案将位置描述分为两句话，而标准答案合并为一句，但两者在语义上完全等价，核心地理信息和道路细节均无遗漏或矛盾，符合允许措辞细微差异的判断标准。,"Cedar Springs is an unincorporated community in west Falls County, Texas, United States. It is located on Farm-to-market road #2027.",True,0.962962962962963,0.0,明确指出Cedar Springs是德克萨斯州福尔斯县西部的一个非建制社区，并具体说明其位于Farm-to-market road #2027。尽管预测答案将位置描述分为两句话，而标准答案合并为一句，但两者在语义上完全等价，核心地理信息和道路细节均无遗漏或矛盾，符合允许措辞细微差异的判断标准。
What county shares a border with Cedar Springs?,"Which counties share a border with Falls County, Texas?",Bell County shares a border with Falls County.,"Bell County and Knox County share a border with Falls County, Texas. This can be inferred from the information that Troy Independent School District extends into Falls County and a small portion of Bell County, and Cedar Springs is located in Knox County near Falls County.",False,0.19607843137254902,0.0,预测答案声称Knox County与Falls County接壤，但标准答案仅提及Bell County。实际上，Knox County位于德克萨斯州北部，而Falls County在中部，两者并不相邻。预测答案基于间接的地理推断（如学区延伸或邻近位置）而非实际边界信息，这导致了事实性错误。因此，预测答案未能正确回答问题，因为它包含了不准确的信息。,"Bell County, Williamson County, and Knox County share a border with Falls County, Texas.",False,0.47619047619047616,0.0,预测答案声称Williamson County和Knox County与Falls County接壤，但根据标准答案，只有Bell County与Falls County接壤。预测答案中包含了错误的地理信息，这导致其与标准答案在语义上不等价，且未能正确反映事实。因此，尽管预测答案包含了标准答案的关键信息（Bell County），但由于添加了不正确的额外内容，整体上未能正确回答问题。
Bancroft's county borders what county?,Where is Bancroft located?,"Bancroft is located in Ontario, Canada.","Bancroft is located in Ontario, Canada and serves students in the northern portion of Hastings County.",True,0.6428571428571429,0.0,"预测答案不仅完全包含了标准答案的关键信息“Bancroft is located in Ontario, Canada”，还额外提供了关于其服务范围的细节。这并未改变或歪曲标准答案的核心地理定位，两者在语义上完全等价，且措辞差异属于合理补充，意思保持一致。因此，预测答案正确回答了问题。","Bancroft is located in Ontario, Canada and serves students in the northern portion of Hastings County.",True,0.6428571428571429,0.0,"预测答案不仅完全包含了标准答案的关键信息“Bancroft is located in Ontario, Canada”，还额外提供了关于其服务范围的细节。这并未改变或歪曲标准答案的核心地理定位，两者在语义上完全等价，且措辞差异属于合理补充，意思保持一致。因此，预测答案正确回答了问题。"
Bancroft's county borders what county?,"Which county is Bancroft, Ontario located in?","Bancroft, Ontario is located in Hastings County.",Hastings County,True,0.28571428571428575,0.0,预测答案“Hastings County”直接提供了标准答案中的核心信息，即班克罗夫特所在的县名。虽然标准答案以完整句子形式呈现，但预测答案在语义上完全等价，没有遗漏关键内容。根据判断标准，允许措辞差异，只要意思一致即可，因此预测答案正确回答了问题。,Hastings County,True,0.28571428571428575,0.0,预测答案“Hastings County”直接提供了标准答案中的核心信息，即班克罗夫特所在的县名。虽然标准答案以完整句子形式呈现，但预测答案在语义上完全等价，没有遗漏关键内容。根据判断标准，允许措辞差异，只要意思一致即可，因此预测答案正确回答了问题。
Bancroft's county borders what county?,Which counties border Hastings County in Ontario?,Renfrew County and Haliburton County border Hastings County in Ontario.,"Renfrew County, Hastings County, and Haliburton County border Hastings County in Ontario.",False,0.9090909090909091,0.0,预测答案错误地声称“Hastings County”与自身接壤，这在逻辑上不成立，因为一个县不能与自己接壤。标准答案明确指出只有Renfrew County和Haliburton County与Hastings County接壤，而预测答案添加了多余的“Hastings County”，导致语义不一致，未能正确反映地理事实。因此，预测答案虽然包含了部分关键信息，但整体上不满足语义等价的要求。,"Wellington, Renfrew, and Haliburton counties border Hastings County in Ontario.",False,0.8387096774193549,0.0,预测答案错误地包含了Wellington County，而标准答案中并未提及该县与Hastings County接壤。虽然预测答案包含了Renfrew和Haliburton这两个正确的县，但添加了不准确的信息，导致整体答案与标准答案在语义上不等价。根据判断标准，预测答案必须准确反映标准答案的关键信息，而额外的错误内容使其无法满足正确回答的要求。
Who is the father of Empress Wang's husband?,Who is Empress Wang's husband?,"Empress Wang's husband was Yang Pu (Emperor Rui), the final ruler of the Chinese state Wu during the Five Dynasties and Ten Kingdoms period.",Yang Pu,True,0.07407407407407407,0.0,"预测答案""Yang Pu""直接包含了标准答案中最核心的关键信息，即王皇后的丈夫姓名。虽然预测答案省略了其帝王身份和所属历史时期的补充信息，但问题仅询问""王皇后的丈夫是谁""，预测答案准确提供了丈夫的姓名，在语义上与标准答案的关键部分完全等价，符合判断标准中关于关键信息包含和语义一致的要求。",Yang Pu,True,0.07407407407407407,0.0,"预测答案""Yang Pu""直接包含了标准答案中最核心的关键信息，即王皇后的丈夫姓名。虽然预测答案省略了其帝王身份和所属历史时期的补充信息，但问题仅询问""王皇后的丈夫是谁""，预测答案准确提供了丈夫的姓名，在语义上与标准答案的关键部分完全等价，符合判断标准中关于关键信息包含和语义一致的要求。"
Who is the father of Empress Wang's husband?,Who was the father of Yang Pu (Emperor Rui of Wu)?,"Yang Pu's father was Yang Xingmi, a late-Tang Dynasty warlord and military governor of Huainan Circuit.",Yang Xingmi,True,0.25,0.0,预测答案“Yang Xingmi”直接提供了标准答案中的核心信息，即杨溥的父亲是杨行密。虽然预测答案省略了标准答案中关于杨行密身份（晚唐军阀、淮南节度使）的补充描述，但问题仅询问父子关系，预测答案在语义上完全等价且准确回应了关键点，符合允许措辞差异的判断标准。,Yang Xingmi,True,0.25,0.0,预测答案“Yang Xingmi”直接提供了标准答案中的核心信息，即杨溥的父亲是杨行密。虽然预测答案省略了标准答案中关于杨行密身份（晚唐军阀、淮南节度使）的补充描述，但问题仅询问父子关系，预测答案在语义上完全等价且准确回应了关键点，符合允许措辞差异的判断标准。
Who played the king that was king of england in 1951 in the king's speech?,Who was the king of England in 1951?,George VI was the King of the United Kingdom in 1951.,George VI,True,0.2666666666666667,0.0,"预测答案""George VI""完全包含了标准答案中的核心关键信息，即1951年英格兰的国王身份。虽然标准答案提供了更完整的表述（包括国家范围和时间），但预测答案在语义上与标准答案完全等价，都准确指向同一位历史人物。这种简洁回答在事实性问题中是完全可以接受的，因为""George VI""这一专有名词已唯一确定了所指对象，没有产生歧义或信息缺失。",George VI,True,0.2666666666666667,0.0,"预测答案""George VI""完全包含了标准答案中的核心关键信息，即1951年英格兰的国王身份。虽然标准答案提供了更完整的表述（包括国家范围和时间），但预测答案在语义上与标准答案完全等价，都准确指向同一位历史人物。这种简洁回答在事实性问题中是完全可以接受的，因为""George VI""这一专有名词已唯一确定了所指对象，没有产生歧义或信息缺失。"
Who played the king that was king of england in 1951 in the king's speech?,Which actor played King George VI in the film 'The King's Speech'?,Colin Firth,Patrick Stewart,False,0,0.0,预测答案“Patrick Stewart”与标准答案“Colin Firth”在关键信息上完全不一致，两者并非同一位演员，也不存在语义上的等价关系。Colin Firth因在电影《国王的演讲》中饰演乔治六世而获得广泛认可，而Patrick Stewart并未参与该角色的演出，因此预测答案未能正确回答关于演员身份的问题。,Colin Firth,True,1.0,1.0,预测答案“Colin Firth”完全符合标准答案，不仅包含了关键信息，而且在语义上与标准答案完全等价，没有任何措辞差异。该答案准确指出了在电影《国王的演讲》中饰演乔治六世国王的演员，直接回应了问题核心，信息准确无误，因此正确回答了问题。
When was John's eldest son crowned?,Who is John's eldest son?,Henry III,"John III, Margrave of Brandenburg-Salzwedel",False,0.15384615384615385,0.0,"预测答案“John III, Margrave of Brandenburg-Salzwedel”与标准答案“Henry III”在语义上完全不一致，两者指代的是不同的人物和历史背景。标准答案中的“Henry III”通常指英格兰国王约翰的长子亨利三世，而预测答案中的“John III”是勃兰登堡-萨尔茨韦德尔的一位藩侯，与问题无关。预测答案未能包含标准答案的关键信息，也不存在语义上的等价性，因此无法正确回答问题。",Henry III,True,1.0,1.0,预测答案“Henry III”与标准答案完全一致，不仅包含了关键信息，而且在语义上完全等价。两者都明确指向约翰的长子是亨利三世，没有任何措辞差异或信息缺失。这种直接匹配确保了答案的准确性，符合所有判断标准，包括关键信息覆盖和语义一致性。因此，预测答案正确地回答了问题。
When was John's eldest son crowned?,When was John's eldest son crowned?,"John I of Cyprus (John II of Jerusalem) was crowned on May 11, 1284.",1216,False,0.16666666666666666,0.0,预测答案“1216”与标准答案“1284年5月11日”在关键信息上完全不符，既未包含正确的年份，也未提及具体的日期。标准答案明确指出约翰一世（塞浦路斯国王）于1284年加冕，而预测答案的1216年相差了68年，这导致语义上无法等价，且时间错误属于实质性差异，而非措辞上的细微差别。因此，预测答案未能正确回答问题。,1284,True,0.25,0.0,预测答案“1284”准确包含了标准答案中的核心时间信息，即约翰一世（塞浦路斯国王）加冕的年份。虽然标准答案提供了更详细的日期（5月11日）和人物背景，但问题仅询问“何时”，预测答案在语义上等价于标准答案的关键年份部分，且没有与标准答案产生矛盾。因此，预测答案正确回答了问题，符合判断标准中允许措辞差异的要求。
When was John's eldest son crowned?,When was John's eldest son crowned?,"John I of Cyprus (John II of Jerusalem) was crowned on May 11, 1284.",1216,False,0.16666666666666666,0.0,预测答案“1216”与标准答案“1284年5月11日”在关键信息上完全不符，既未包含正确的年份，也未提及具体的日期。标准答案明确指出约翰一世（塞浦路斯国王）于1284年加冕，而预测答案的1216年相差了68年，这导致语义上无法等价，且时间错误属于实质性差异，而非措辞上的细微差别。因此，预测答案未能正确回答问题。,1284,True,0.25,0.0,预测答案“1284”准确包含了标准答案中的核心时间信息，即约翰一世（塞浦路斯国王）加冕的年份。虽然标准答案提供了更详细的日期（5月11日）和人物背景，但问题仅询问“何时”，预测答案在语义上等价于标准答案的关键年份部分，且没有与标准答案产生矛盾。因此，预测答案正确回答了问题，符合判断标准中允许措辞差异的要求。
When was John's eldest son crowned?,When was John's eldest son crowned?,"John I of Cyprus (John II of Jerusalem) was crowned on May 11, 1284.",1284,True,0.25,0.0,预测答案“1284”准确包含了标准答案中的核心时间信息，即约翰一世（塞浦路斯国王）加冕的年份。虽然标准答案提供了更详细的日期（5月11日）和人物背景，但问题仅询问“何时”，预测答案在语义上等价于标准答案的关键年份部分，且没有与标准答案产生矛盾。因此，预测答案正确回答了问题，符合判断标准中允许措辞差异的要求。,1284,True,0.25,0.0,预测答案“1284”准确包含了标准答案中的核心时间信息，即约翰一世（塞浦路斯国王）加冕的年份。虽然标准答案提供了更详细的日期（5月11日）和人物背景，但问题仅询问“何时”，预测答案在语义上等价于标准答案的关键年份部分，且没有与标准答案产生矛盾。因此，预测答案正确回答了问题，符合判断标准中允许措辞差异的要求。
What character in A League of their Own was played by the actress who played Thelma in the movie Thelma and Louise?,Who played Thelma in Thelma and Louise?,Geena Davis played Thelma in Thelma and Louise.,Geena Davis,True,0.35294117647058826,0.0,"预测答案""Geena Davis""完整包含了标准答案中的核心信息，即演员姓名，且与标准答案""Geena Davis played Thelma in Thelma and Louise""在语义上完全等价。尽管预测答案省略了电影名称和角色描述，但问题明确询问""谁饰演了Thelma""，预测答案直接提供了准确的人物名称，符合""关键信息一致""和""语义等价""的判断标准，措辞差异不影响答案的正确性。",Geena Davis,True,0.35294117647058826,0.0,"预测答案""Geena Davis""完整包含了标准答案中的核心信息，即演员姓名，且与标准答案""Geena Davis played Thelma in Thelma and Louise""在语义上完全等价。尽管预测答案省略了电影名称和角色描述，但问题明确询问""谁饰演了Thelma""，预测答案直接提供了准确的人物名称，符合""关键信息一致""和""语义等价""的判断标准，措辞差异不影响答案的正确性。"
What character in A League of their Own was played by the actress who played Thelma in the movie Thelma and Louise?,What character did Geena Davis play in the movie A League of Their Own?,Geena Davis played the character Dottie Hinson.,Thelma,False,0,0.0,预测答案“Thelma”与标准答案“Dottie Hinson”在语义上完全不匹配，既未包含关键信息，也不存在等价关系。Geena Davis在电影《红粉联盟》中饰演的角色是Dottie Hinson，而“Thelma”可能是其他电影中的角色或无关信息，这导致预测答案未能正确回答问题，属于实质性错误。,Dottie Hinson,True,0.5,0.0,预测答案“Dottie Hinson”直接提供了标准答案中的核心信息，即吉娜·戴维斯在电影《红粉联盟》中饰演的角色名称。尽管预测答案省略了“Geena Davis played the character”这一部分表述，但其内容与标准答案在语义上完全等价，且关键信息准确无误，符合允许措辞差异的判断标准。因此，预测答案正确回答了问题。
"In A League of Their Own, who played the husband of the actress who played Thelma in Thelma and Louise?",Who played Thelma in Thelma and Louise?,Geena Davis played Thelma in Thelma and Louise.,Geena Davis,True,0.35294117647058826,0.0,"预测答案""Geena Davis""完整包含了标准答案中的核心信息，即演员姓名，且与标准答案""Geena Davis played Thelma in Thelma and Louise""在语义上完全等价。尽管预测答案省略了电影名称和角色描述，但问题明确询问""谁饰演了Thelma""，预测答案直接提供了准确的人物名称，符合""关键信息一致""和""语义等价""的判断标准，措辞差异不影响答案的正确性。",Geena Davis,True,0.35294117647058826,0.0,"预测答案""Geena Davis""完整包含了标准答案中的核心信息，即演员姓名，且与标准答案""Geena Davis played Thelma in Thelma and Louise""在语义上完全等价。尽管预测答案省略了电影名称和角色描述，但问题明确询问""谁饰演了Thelma""，预测答案直接提供了准确的人物名称，符合""关键信息一致""和""语义等价""的判断标准，措辞差异不影响答案的正确性。"
"In A League of Their Own, who played the husband of the actress who played Thelma in Thelma and Louise?",Which character did Geena Davis play in the film A League of Their Own?,Geena Davis played the character Dottie Hinson.,Dottie,True,0.19999999999999998,0.0,预测答案“Dottie”直接指向了标准答案中的核心角色名称“Dottie Hinson”。尽管预测答案省略了姓氏“Hinson”，但在电影《红粉联盟》的语境中，“Dottie”这一简称已足够明确地指代Geena Davis所扮演的角色，且与标准答案在语义上完全等价，没有产生歧义或信息缺失。因此，预测答案正确回答了问题。,Dottie Hinson,True,0.5,0.0,预测答案“Dottie Hinson”直接提供了标准答案中的核心信息，即吉娜·戴维斯在电影《红粉联盟》中饰演的角色名称。虽然预测答案省略了标准答案中的部分描述性措辞（如“Geena Davis played the character”），但两者在语义上完全等价，且关键信息“Dottie Hinson”准确无误。根据判断标准，只要意思保持一致并包含关键信息，措辞上的细微差异是可接受的，因此预测答案正确回答了问题。
"In A League of Their Own, who played the husband of the actress who played Thelma in Thelma and Louise?",Who played the husband of Dottie Hinson in the film A League of Their Own?,"Bill Pullman played Bob, the husband of Dottie Hinson.",Bill Pullman,True,0.33333333333333337,0.0,"预测答案“Bill Pullman”直接提供了标准答案中的核心信息，即演员姓名。虽然预测答案省略了角色细节“Bob, the husband of Dottie Hinson”，但问题询问的是“谁扮演了丈夫”，预测答案准确给出了扮演者姓名，与标准答案在语义上完全等价，且关键信息一致。这种简洁回答在常见问答场景中是可接受的，因为它直接满足了问题的核心需求。",Bill Pullman,True,0.33333333333333337,0.0,"预测答案“Bill Pullman”直接提供了标准答案中的核心信息，即演员姓名。虽然预测答案省略了角色细节“Bob, the husband of Dottie Hinson”，但问题询问的是“谁扮演了丈夫”，预测答案准确给出了扮演者姓名，与标准答案在语义上完全等价，且关键信息一致。这种简洁回答在常见问答场景中是可接受的，因为它直接满足了问题的核心需求。"
Who is the child of Chiang Hsiao-wen's father?,Who is Chiang Hsiao-wen's father?,Chiang Hsiao-wen's father is Chiang Ching-kuo.,Chiang Ching-kuo,True,0.5555555555555556,0.0,预测答案“Chiang Ching-kuo”直接提供了标准答案中的核心信息，即蒋孝文的父亲是蒋经国。虽然预测答案省略了“Chiang Hsiao-wen's father is”这一表述，但其内容在语义上与标准答案完全等价，且没有引入任何矛盾或额外信息。根据判断标准，只要关键信息一致且意思相同，即使措辞有细微差异（如仅提供姓名），也应视为正确回答。因此，该预测答案准确地回应了问题。,Chiang Ching-kuo,True,0.5555555555555556,0.0,预测答案“Chiang Ching-kuo”直接提供了标准答案中的核心信息，即蒋孝文的父亲是蒋经国。虽然预测答案省略了“Chiang Hsiao-wen's father is”这一表述，但其内容在语义上与标准答案完全等价，且没有引入任何矛盾或额外信息。根据判断标准，只要关键信息一致且意思相同，即使措辞有细微差异（如仅提供姓名），也应视为正确回答。因此，该预测答案准确地回应了问题。
"The actor who played Thelma in ""Thelma and Louise"" also played which character in ""A League of Their Own""?",Who played Thelma in the movie 'Thelma and Louise'?,Geena Davis played Thelma in the movie 'Thelma & Louise'.,Geena Davis,True,0.35294117647058826,0.0,预测答案“Geena Davis”完整包含了标准答案中的核心信息，即演员姓名，且与标准答案“Geina Davis played Thelma in the movie 'Thelma & Louise'”在语义上完全等价。尽管预测答案省略了电影名称和角色描述等细节，但问题明确询问“谁饰演了电影中的Thelma”，预测答案直接提供了正确的主体信息，符合判断标准中的关键信息要求和语义一致性，因此正确回答了问题。,Geena Davis,True,0.35294117647058826,0.0,预测答案“Geena Davis”完整包含了标准答案中的核心信息，即演员姓名，且与标准答案“Geina Davis played Thelma in the movie 'Thelma & Louise'”在语义上完全等价。尽管预测答案省略了电影名称和角色描述等细节，但问题明确询问“谁饰演了电影中的Thelma”，预测答案直接提供了正确的主体信息，符合判断标准中的关键信息要求和语义一致性，因此正确回答了问题。
"The actor who played Thelma in ""Thelma and Louise"" also played which character in ""A League of Their Own""?",Which character did Geena Davis play in the movie 'A League of Their Own'?,Geena Davis played the character Dottie Hinson.,Thelma,False,0,0.0,预测答案“Thelma”与标准答案“Dottie Hinson”在语义上完全不匹配，因为“Thelma”并非电影《红粉联盟》中Geena Davis所扮演的角色。标准答案明确指出角色是Dottie Hinson，而预测答案未能包含这一关键信息，且两者在含义上无任何等价性，因此预测答案错误地回答了问题。,Dottie Hinson,True,0.5,0.0,预测答案“Dottie Hinson”直接提供了标准答案中的核心信息，即吉娜·戴维斯在电影《红粉联盟》中饰演的角色名称。尽管预测答案省略了“Geena Davis played the character”这一背景描述，但其内容在语义上与标准答案完全等价，且关键信息准确无误。根据评估标准，允许措辞上的细微差异，只要意思保持一致即可，因此预测答案正确回答了问题。
"What is the movie starring Preity Zinta, Madhuri Dixit and the spouse of Kajol?","Movies starring Preity Zinta, Madhuri Dixit, and Ajay Devgn","The movie 'Yeh Raaste Hain Pyaar Ke' (2001) stars Preity Zinta, Madhuri Dixit, and Ajay Devgn.","Yeh Raaste Hain Pyaar Ke, Love Kiya Aur Lag Gayi",False,0.3555555555555555,0.0,预测答案虽然包含了标准答案中的电影名称“Yeh Raaste Hain Pyaar Ke”，但错误地添加了另一部电影“Love Kiya Aur Lag Gayi”，而后者并非由问题中指定的三位演员共同出演。标准答案明确指出只有一部电影符合条件，即《Yeh Raaste Hain Pyaar Ke》（2001年），而预测答案的多余信息导致了事实性错误，未能准确匹配问题要求，因此在语义上不等价。,"Yeh Raaste Hain Pyaar Ke, Dil Kya Kare, Pyar Ka Devta",False,0.37499999999999994,0.0,预测答案虽然包含了标准答案中的电影《Yeh Raaste Hain Pyaar Ke》，但它额外列出了《Dil Kya Kare》和《Pyar Ka Devta》这两部电影，而这两部电影并不符合问题要求。问题明确询问的是同时由Preity Zinta、Madhuri Dixit和Ajay Devgn三位演员共同主演的电影，标准答案指出只有《Yeh Raaste Hain Pyaar Ke》满足这一条件。预测答案的额外信息引入了不准确的内容，导致语义上与标准答案不完全等价，因此未能正确回答问题。
The territory containing Bansaan Island is located at which island?,Where is Bansaan Island located?,"Bansaan Island is a boomerang-shaped island located off the mid-northern coast of Bohol Island, Philippines, and is part of the municipality of Talibon.","Bansaan Island is located off the mid-northern coast of Bohol Island, part of the municipality of Talibon, province.",True,0.8076923076923077,0.0,岛屿位于保和岛中北部海岸外，属于塔利本市管辖。虽然省略了“boomerang-shaped”这一描述性细节，但该信息并非定位所必需的核心地理信息。预测答案在语义上与标准答案完全等价，措辞上的细微调整（如“province”的补充）并未改变原意，且所有地理位置要素均正确对应，因此可以判定为正确回答了问题。,"Bansaan is a boomerang-shaped island located off the mid-northern coast of Bohol Island, part of the municipality of Talibon, province.",True,0.912280701754386,0.0,岛屿的形状（boomerang-shaped）、地理位置（off the mid-northern coast of Bohol Island）以及行政归属（part of the municipality of Talibon）。虽然预测答案省略了“Philippines”一词，但通过提及“Bohol Island”和“Talibon”已隐含了菲律宾的语境，且补充了“province”这一细节，整体语义与标准答案完全等价，没有实质差异。因此，预测答案正确回答了问题。
In which district was Ernie Watts born?,Where was Ernie Watts born?,Woolhampton in Berkshire,Woolhampton in Berkshire,True,1.0,1.0,预测答案“Woolhampton in Berkshire”与标准答案完全一致，不仅包含了地点“Woolhampton”和所属区域“Berkshire”这两个关键信息，而且在语义和措辞上没有任何差异。这种精确匹配确保了答案完全正确地回答了问题，无需任何修正或补充，符合所有判断标准。,Woolhampton in Berkshire,True,1.0,1.0,预测答案“Woolhampton in Berkshire”与标准答案完全一致，不仅包含了地点“Woolhampton”和所属区域“Berkshire”这两个关键信息，而且在语义和措辞上没有任何差异。这种精确匹配确保了答案完全正确地回答了问题，无需任何修正或补充，符合所有判断标准。
In which county was James Finch born?,Where was James Finch born?,"Lynn Haven, Florida","1950, Lynn Haven, Florida",True,0.4,0.0,"预测答案“1950, Lynn Haven, Florida”完整包含了标准答案“Lynn Haven, Florida”的关键信息，即出生地点。尽管预测答案额外提供了出生年份“1950”，但这并未改变或偏离核心地理信息的准确性，两者在语义上完全等价，都正确指出了James Finch的出生地。根据判断标准，允许措辞上的细微差异，因此预测答案正确回答了问题。","1950, Lynn Haven, Florida",True,0.4,0.0,"预测答案“1950, Lynn Haven, Florida”完整包含了标准答案“Lynn Haven, Florida”的关键信息，即出生地点。尽管预测答案额外提供了出生年份“1950”，但这并未改变或偏离核心地理信息的准确性，两者在语义上完全等价，都正确指出了James Finch的出生地。根据判断标准，允许措辞上的细微差异，因此预测答案正确回答了问题。"
In which county was James Finch born?,"Which county is Lynn Haven, Florida located in?",Bay County,Bay County,True,1.0,1.0,预测答案“Bay County”与标准答案完全一致，不仅包含了关键信息“Bay County”，而且在语义上完全等价，没有任何措辞差异。该答案直接、准确地回答了问题，明确指出佛罗里达州林黑文市所在的县份，符合所有判断标准，因此是正确的。,Bay County,True,1.0,1.0,预测答案“Bay County”与标准答案完全一致，不仅包含了关键信息“Bay County”，而且在语义上完全等价，没有任何措辞差异。该答案直接、准确地回答了问题，明确指出佛罗里达州林黑文市所在的县份，符合所有判断标准，因此是正确的。
Who was married to the star of No Escape?,Who starred in the movie No Escape?,"Valerie Hobson, Leslie Perrins, and Robert Cochran starred in the movie No Escape.","Valerie Hobson, Leslie Perrins and Robert Cochran",True,0.8387096774193548,0.0,预测答案完整列出了标准答案中的三位演员姓名——Valerie Hobson、Leslie Perrins 和 Robert Cochran，且顺序一致，仅缺少标点符号和连接词“and”的细微差异。这完全符合语义等价的要求，因为关键信息无遗漏、无错误，且表述核心内容与标准答案完全一致，因此正确回答了问题。,"Valerie Hobson, Leslie Perrins and Robert Cochran",True,0.8387096774193548,0.0,预测答案完整列出了标准答案中的三位演员姓名——Valerie Hobson、Leslie Perrins 和 Robert Cochran，且顺序一致，仅缺少标点符号和连接词“and”的细微差异。这完全符合语义等价的要求，因为关键信息无遗漏、无错误，且表述核心内容与标准答案完全一致，因此正确回答了问题。
Who was married to the star of No Escape?,"Which of the actors from No Escape (Valerie Hobson, Leslie Perrins, or Robert Cochran) was married and to whom?",Valerie Hobson was married to John Profumo.,".Valerie Hobson was married to John Profumo, who was a former British government minister.",True,0.7499999999999999,0.0,预测答案完全包含了标准答案的关键信息，即明确指出Valerie Hobson与John Profumo的婚姻关系。虽然预测答案额外补充了John Profumo的身份细节（前英国政府部长），但这并未改变核心事实的准确性，且在语义上与标准答案完全等价。根据判断标准，允许措辞上的细微差异，只要意思保持一致即可，因此预测答案正确回答了问题。,"Valerie Hobson was married to John Profumo, who was a former British government minister.",True,0.7499999999999999,0.0,预测答案不仅完整包含了标准答案的核心信息——即Valerie Hobson与John Profumo的婚姻关系，还额外补充了John Profumo的身份细节，这并未改变或偏离原问题的核心要求。问题询问的是哪位演员已婚及其配偶身份，预测答案准确提供了Valerie Hobson作为正确答案，并确认了配偶姓名，与标准答案在语义上完全等价。措辞上的扩展（如添加“former British government minister”）属于合理补充，不影响答案的正确性，反而增强了信息的完整性。因此，预测答案正确回答了问题。
Who is the other child of Chian Hsiao-chang's father?,Who is the father of Chian Hsiao-chang?,Chiang Ching-kuo,Chiang Ching-kuo,True,1.0,1.0,预测答案“Chiang Ching-kuo”与标准答案完全一致，不仅包含了关键信息，而且在语义上完全等价，没有任何措辞差异。这直接准确地回答了关于Chian Hsiao-chang父亲身份的问题，符合所有判断标准，因此是正确的。,Chiang Ching-kuo,True,1.0,1.0,预测答案“Chiang Ching-kuo”与标准答案完全一致，不仅包含了关键信息，而且在语义上完全等价，没有任何措辞差异。这直接准确地回答了关于Chian Hsiao-chang父亲身份的问题，符合所有判断标准，因此是正确的。
Who is the other child of Chian Hsiao-chang's father?,What are all the children of Chiang Ching-kuo?,"Chiang Ching-kuo had four legitimate children with his wife Faina Ipatyevna Vakhreva (Chiang Fang-liang): Chiang Hsiao-wen (eldest son), Chiang Hsiao-chang (daughter), Chiang Hsiao-wu (second son), and Chiang Hsiao-yung (youngest son). He also had two half-brothers with other mothers: Winston Chang and John Chiang.","Chiang Hsiao-wen, Chiang Hsiao-wen's siblings Hsiao-wen, Hsiao-chang, Hsiao-wu, Hsiao-yung, and Chiang Hsiao-wu's half-brothers Winston Chang and John Chiang.",False,0.5245901639344263,0.0,预测答案存在明显的错误和混乱表述。首先，它错误地将“Chiang Hsiao-wen”重复列出，并使用了“Chiang Hsiao-wen's siblings”这种不准确的表述，导致逻辑混乱。其次，它错误地将“Chiang Hsiao-wu's half-brothers”描述为蒋孝武的同父异母兄弟，而标准答案明确指出这些是蒋经国的非婚生子（即蒋孝武等人的同父异母兄弟）。此外，预测答案未明确区分婚生子女与非婚生子女，且遗漏了关键信息如蒋方良（Faina Ipatyevna Vakhreva）及其子女的完整关系，整体语义与标准答案不一致，未能正确回答问题。,"Chiang Hsiao-wen, Chiang Hsiao-chang, Chiang Hsiao-wu, Winston Chang, and John Chiang.",False,0.4752475247524752,0.0,预测答案未能完整包含标准答案中的所有关键信息。标准答案明确指出蒋经国有四名婚生子女（蒋孝文、蒋孝章、蒋孝武、蒋孝勇）以及两名同父异母的兄弟（章孝严、章孝慈），但预测答案仅列出了三名婚生子女（缺少蒋孝勇），并将两名同父异母的兄弟错误归类为“子女”，这既在亲属关系上存在语义偏差，又遗漏了重要信息。因此，预测答案在完整性和准确性上均不符合要求。
In which county did Snappy Tomato Pizza form?,Where was Snappy Tomato Pizza founded?,"Fort Mitchell, Kentucky","Fort Mitchell, Kentucky",True,1.0,1.0,"预测答案“Fort Mitchell, Kentucky”与标准答案完全一致，不仅包含了关键信息“Fort Mitchell, Kentucky”，而且在语义上完全等价，没有任何措辞差异。这直接准确地回答了问题“Snappy Tomato Pizza的创立地点”，因此预测答案正确无误地提供了所需信息。","Fort Mitchell, Kentucky",True,1.0,1.0,"预测答案“Fort Mitchell, Kentucky”与标准答案完全一致，不仅包含了关键信息“Fort Mitchell, Kentucky”，而且在语义上完全等价，没有任何措辞差异。这直接准确地回答了问题“Snappy Tomato Pizza的创立地点”，因此预测答案正确无误地提供了所需信息。"
In which county did Snappy Tomato Pizza form?,"Which county is Fort Mitchell, Kentucky located in?",Kenton County,Kenton County,True,1.0,1.0,预测答案“Kenton County”与标准答案完全一致，不仅包含了关键信息，而且在语义上完全等价，没有任何措辞差异。该答案直接、准确地回答了问题，明确指出Fort Mitchell位于肯顿县，符合所有判断标准，因此是正确的。,Kenton County,True,1.0,1.0,预测答案“Kenton County”与标准答案完全一致，不仅包含了关键信息，而且在语义上完全等价，没有任何措辞差异。该答案直接、准确地回答了问题，明确指出Fort Mitchell位于肯顿县，符合所有判断标准，因此是正确的。
Where are the headquarters for the publisher of In the Shadow of Greatness?,Who is the publisher of In the Shadow of Greatness?,The United States Naval Institute,United States Naval Institute,True,1.0,1.0,"预测答案""United States Naval Institute""与标准答案""The United States Naval Institute""在语义上完全等价，仅省略了定冠词""The""，这属于措辞上的细微差异，不影响核心信息的准确性。两者均明确指向同一出版机构，即美国海军学会，完全符合""包含关键信息""和""语义等价""的判断标准，因此正确回答了问题。",United States Naval Institute,True,1.0,1.0,"预测答案""United States Naval Institute""与标准答案""The United States Naval Institute""在语义上完全等价，仅省略了定冠词""The""，这属于措辞上的细微差异，不影响核心信息的准确性。两者均明确指向同一出版机构，即美国海军学会，完全符合""包含关键信息""和""语义等价""的判断标准，因此正确回答了问题。"
Where are the headquarters for the publisher of In the Shadow of Greatness?,Where are the headquarters of the United States Naval Institute located?,"Annapolis, Maryland","Annapolis, Maryland",True,1.0,1.0,"预测答案“Annapolis, Maryland”与标准答案完全一致，不仅包含了关键的地理位置信息（安纳波利斯市和马里兰州），而且在语义上完全等价，没有任何歧义或差异。这直接准确地回答了关于美国海军学会总部所在地的问题，符合所有判断标准，包括信息完整性和语义一致性。","Annapolis, Maryland",True,1.0,1.0,"预测答案“Annapolis, Maryland”与标准答案完全一致，不仅包含了关键的地理位置信息（安纳波利斯市和马里兰州），而且在语义上完全等价，没有任何歧义或差异。这直接准确地回答了关于美国海军学会总部所在地的问题，符合所有判断标准，包括信息完整性和语义一致性。"
What political party was the socialist candidate part of who ran for president in 1912?,Who was the socialist candidate in the 1912 US presidential election?,Eugene V. Debs was the Socialist Party candidate in the 1912 US presidential election.,Eugene V. Debs,True,0.4347826086956522,0.0,预测答案“Eugene V. Debs”直接提供了标准答案中的核心信息，即1912年美国总统选举中社会主义候选人的姓名。虽然预测答案省略了“Socialist Party candidate”等修饰语，但问题明确询问候选人是谁，而“Eugene V. Debs”在历史语境中唯一对应这一身份，语义上与标准答案完全等价，且关键信息完整无误，因此正确回答了问题。,Eugene V. Debs,True,0.4347826086956522,0.0,预测答案“Eugene V. Debs”直接提供了标准答案中的核心信息，即1912年美国总统选举中社会主义候选人的姓名。虽然预测答案省略了“Socialist Party candidate”等修饰语，但问题明确询问候选人是谁，而“Eugene V. Debs”在历史语境中唯一对应这一身份，语义上与标准答案完全等价，且关键信息完整无误，因此正确回答了问题。
Which county does Lloyd Dane's birthplace belong to?,Where was Lloyd Dane born?,"Lloyd Dane was born in Eldon, Missouri.","Eldon, Missouri",True,0.3636363636363636,0.0,"预测答案“Eldon, Missouri”完整包含了标准答案“Lloyd Dane was born in Eldon, Missouri”中的关键信息——出生地点。尽管预测答案省略了主语和谓语部分，但它在语义上与标准答案完全等价，直接提供了问题所询问的具体地点。根据判断标准，允许措辞上的细微差异，只要核心意思保持一致即可，因此预测答案正确回答了问题。","The birthplace of Lloyd Dane is not directly stated in the provided documents. However, based on the information given, we can infer that Lloyd Dane was born in the United States, as he participated in NASCAR Grand National Series races in Missouri, which is in the U.S. But without a specific mention of his birthplace, we cannot definitively state his birth location from the given documents.",False,0.18918918918918923,0.0,预测答案未能正确回答问题，因为它明确表示无法从给定文档中确定劳埃德·戴恩的具体出生地，仅推断他出生在美国，而标准答案明确指出他出生在密苏里州的埃尔登。预测答案缺少关键的具体地点信息，且在语义上与标准答案不等价，因为它表达了不确定性而非肯定陈述，因此不符合正确回答的标准。
Which county does Lloyd Dane's birthplace belong to?,"Which county does Eldon, Missouri belong to?",Miller County,Miller County,True,1.0,1.0,"预测答案“Miller County”与标准答案完全一致，不仅包含了关键信息，而且在语义上完全等价。两者都准确指出了Eldon, Missouri所属的县份，没有任何措辞差异或信息缺失，因此预测答案正确地回答了问题。",Miller County,True,1.0,1.0,"预测答案“Miller County”与标准答案完全一致，不仅包含了关键信息，而且在语义上完全等价。两者都准确指出了Eldon, Missouri所属的县份，没有任何措辞差异或信息缺失，因此预测答案正确地回答了问题。"
